Réf.	Libellé	Type	
201313-B	FEU DE POSITION LATÉRAL NÉON LED	0	
201313-K	FEU DE POSITION LATÉRAL NÉON LED	0	
201313-S	FEU DE POSITION LATÉRAL NÉON LED	0	
201409-SK	FEU LATERAL LONG	0	
201502-SK	FEU LATERAL COURT	0	
201601-B	FEU DE POSITION LATERAL OVAL LED	0	
201601-K	FEU DE POSITION LATERAL OVAL LED	0	
201601-S	FEU DE POSITION LATERAL OVAL LED	0	
201610	LAMPE DE TRAVAIL LED CARRÉE	0	
201611	LAMPE DE TRAVAIL LED ROND	0	
201701-B	FEU DE POSITION LATÉRALE LED	0	
201701-S	FEU DE POSITION LATÉRALE LED	0	
201705-24V	FEU ARRIERE ROND LED	0	
201706-24V	FEU ARRIERE NÉON LED 24V	0	
201710-S	FEU DE POSITION LATÉRALE LED 2 LEDS	0	
201901-24V	FEU ARRIERE NEON DYNAMIC LED 24V	0	
201905-B	FEU DE POSITION LATÉRAL NÉON LED	0	
201905-K	FEU DE POSITION LATÉRAL NÉON LED	0	
201905-S	FEU DE POSITION LATÉRAL NÉON LED	0	
201910-B	FEU DE POSITION LATÉRAL NÉON LED	0	
201910-K	FEU DE POSITION LATÉRAL NÉON LED	0	
201910-S	FEU DE POSITION LATÉRAL NÉON LED	0	
202007-D_LH	COBRA DYNAMIC SIGNAL MARKER FEU LH	0	
202007-D_RH	COBRA DYNAMIC SIGNAL MARKER FEU RH	0	
202008-D_LH	DYNAMIC SIGNAL MARKER LH	0	
202008-D_RH	DYNAMIC SIGNAL MARKER RH	0	
202010	LAMPE DE TRAVAIL CARRÉE 16LED	0	
202020-B	FEU DE POSITION LATÉRAL AVEC 24 LEDS	0	
202020-K	FEU DE POSITION LATÉRAL AVEC 24 LEDS	0	
202020-S	FEU DE POSITION LATÉRAL AVEC 24 LEDS	0	
202101-D	FEU ARRIERE CARRE DYNAMIC NEON LED	0	
202107	LAMPE DE TRAVAIL LED CARRÉE	0	
202109_GV	FEU ARRIERE HAMBURGER	0	
202110-24V	FEU COMBINÉ ARRIÈRE LED NÉON	0	
202112	LAMPE DE TRAVAIL LED CARRÉE	0	
202113	LAMPE DE TRAVAIL LED ROND	0	
202114	LAMPE DE TRAVAIL LED ROND	0	
202116	LAMPE DE TRAVAIL LED ROND	0	
202119	LAMPE DE TRAVAIL LED ROND	0	
326030	FEU COMBINÉ ARRIÈRE 7 CHAMBRE	0	
326030-C	CABOCHON DE FEU ARRIÈRE 8 CHMBR	0	
ENS.3.10.0002	RÉSERVOIR D'EAU PLASTIQUE 30LT	0	
ENS.3.10.0005	COFFRET EXTINCTEUR 6-9KG	0	
ENS.3.10.0500	AVERTISSEUR D'AIR SIMPLE-ROUGE	0	
ENS.3.10.0461	AVERTISSEUR PNEUMATIQUE À 3TUBES - CHROME	0	
11217	DURITE INTERCOOLER MAN 8R	0	
29487	CABLE DE REGLAGE DE LACOLONNE DE DIRECTION	0	
34247	ARRET D'HUIL MOYEU DAF 100x140x15	0	
17992	ARRET D'HUIL MOYEU MAN AR 139x175x16,3	0	
25306	POMPE D'ESSUIE-GLACE VOLVO FH/FM	0	
14738	POIGNET DE LEVIER DE VITESSE VOLVO FH/FM	0	
19529	POMPE D'ESSUIE-GLACE MAN/SCANIA/MERCEDES	0	
24128	CLAPIE DE GAZOIL SCANIA	0	
15231	CLAPET ANTIRETOUR VOLVO FH/FM	0	
18000	ARRET D'HUIL MOYEU VOLVO AR 168x192x188x30	0	
22209	KIT D'ARRET D'HUIL MOYEU VOLVO FH/FM 125x148	0	
15935	VALVE DE NIVELEMENT MAN/DAF/VOLVO/RENAULT	0	
17034	BOUCHON RESERVOIRE VOLVO FH/RVI440	0	
13955	DECLENCHEUR STD FR	0	
12126	APPAREILLE PEDAL FREINS STD	0	
14825	VASE D'EXPANSSION RENAULT PREMIUM/KERAX	0	
15805	POMPE D'EMBRAYAGE SCANIA 360	0	
16335	AMORTISSEUR CALANDRE MAN TGA 145MM-350N	0	
16985	POMPE D'EMBRAYAGE SCANIA 360/380	0	
18836	TENDEUR DE COURROIE VOLVO FH/FM	0	
19606	CAPTEUR DE PRESSION D'AIR MAN/DAF/SCANIA/IVECO	0	
28211	POMPE D'ESSUIE-GLASSE RENAULT 440	0	
17812	VALVE RELAIS MAN/DAF/SCANIA/MERCEDES	0	
24150	VASE D'EXPANSSION VOLVO FH400 AVEC CAPTEUR	0	
18159	BOUCHON VASE D'EXPANSSION VOLVO FH/FM	0	
37348	KIT DE JOINT REFROIDISSEUR D'HUIL SCANIA 360	0	
17726	VALVE DE NIVELEMENT SCANIA	0	
36451	MANETTE FREINS A MAIN RVI PREMIUM/KERAX/VOLVO	0	
21220	CABLE VITESSE VOLVO FH/FM GRIS 2915mm	0	
19750	CABLE VITESSE VOVLO FH NOIR 2750MM	0	
16051	TENDEUR DE COURROIE VOLVO FH/FM	0	
15355	SUPPORT VENTULATEUR MAN TGA/TGS/TGX	0	
33932	PIPE POMPE A EAU VOLVO/RENAULT	0	
14885	VASE D'EXPANSSION VOLVO FH/B9/B10/B12	0	
16964	VASE D'EXPANSSION SCANIA 360/380	0	
25078	VASE D'EXPANSSION DAF CF	0	
21904	JOINT REFROIDISSEUR D'HUIL MAN TGA/TGS/TGX	0	
19434	DURITE RADIATEUR SCANIA 50/56x430 mm	0	
15953	DURITE INTERCOOLER VOLVO FH/FM/B9/B12 82x106x147	0	
14762	DURITE INTERCOOLER VOLVO FH/FM/B9/B12 81x105x150	0	
20511	CAPTEUR ABS VOLVO/RENAULT/IVECO/MAN	0	
10728	KIT POMPE D'ALIMENTATION MAN/MERCEDES	0	
37456	VALVE DE SECURITE DAF XF 95	0	
21801	SWITCH DE COMMANDE VOLVO FH/FM	0	
16340	DECLENCHEUR STD PL	0	
14737	POIGNET DE LEVIER VITESSE VOLVO FH12/F12/F10/NL	0	
31396	INTEREPTEUR LEVE VITRE SCANIA	0	
36219	CAPTEUR PEDAL ACCELERATEUR VOLVO/RENAULT/DAF/IVECO	0	
14938	BOUCHON RESERVOIR SCANIA	0	
14736	POIGNET DE LEVIER VITESSE VOLVO FH/FM	0	
20124	CLAPIE DE GAZOIL MAN TGA	0	
17846	VALVE DE SECURITE RENAULT	0	
32574	POMPE D'EMBRAYAGE VOLVO FH/FM/FMX	0	
16988	POIGNET DE LEVIER VITESSE SCANIA 124 360	0	
21213	VALVE DE SECURITE VOLVO FH/FM 420/400/440	0	
10929	TUYEAU D'EAU MAN	0	
18039	CABLE VITESSE VOLVO FH NOIR 2650mm	0	
15538	DESSICATEUR D'AIR STD	0	
17702	FEU DE SIGNAL SCANIA LH	0	
17701	FEU DE SIGNAL SCANIA RH	0	
18358	POMPE D'ALIMENTATION MAN TGA	0	
15101	FEU DE SIGNAL RENAULT PREMIUM/KERAX LH	0	
15100	FEU DE SIGNAL RENAULT PREMIUM/KERAX RH	0	
39876	ARRET D'HUILE ROUE AR RVI 120X150X15	0	
38170	AMORTISSEUR CALENDRE MAN TGA 315MM / 120N	0	
14952	BARRILLET DE PORTE SCANIA	0	
15603	CABLE VITESSE MAN TGA/TGS GRIS	0	
15602	CABLE VITESSE MAN TGA/TGS NOIR	0	
15214	JOINT REFROIDISSEUR D'HUIL MERCEDES ACTROS/TRAVEGO	0	
27247	TENDEUR DE COURROIE RENAULT PREMIUM 440	0	
30261	TUYEAU D'EAU SCANIA	0	
37455	VALVE CHARGE RAPIDE M16	0	
17718	INTEREPTEUR SCANIA	0	
19003	POMPE D'EMBRAYAGE MAN TGA/TGS/TGX	0	
16199	BUTEE D'EMBRAYAGE MAN/DAF/IVECO	0	
20397	POMPE D'ALIMENTATION MAN/MERCEDES/DAF	0	
21676	VALVE RELAIS MAN TGA/TGS/TGX	0	
31907	POIGNET DE LEVIER VITESSE RENAULT PREMIUM 440	0	
26031	COUPE COURANT VOLVO/RENAULT	0	
28390	JOINT REFREJIRANT SCANIA ALM	0	
20097	SWITCH DE COMMANDE VOLVO FH/FM	0	
33769	KIT DE JOINT REFROIDISSEUR DAF CF/XF	0	
18639	DESSICATEUR D'AIR MERCEDES ACTROS/AXOR	0	
20137	BUTEE D'EMBRAYAGE RENAULT KERAX	0	
19725	POMPE D'EMBRAYAGE RENAULT PREMIUM 440	0	
11431	JOINT REFREGIRANT MAN TGA	0	
24444	TENDEUR DE COURROIE DAF XF 105	0	
52908	AMOURTISSEUR CABINE DAF AR CF85/CF75	0	
52907	AMOURTISSEUR CABINE DAF AR CF85/CF75	0	
52906	AMOURTISSEUR CABINE DAF AR XF95/XF105	0	
52901	AMOURTISSEUR CABINE DAF AR XF95/XF105	0	
52905	AMOURTISSEUR CABINE DAF AV CF85/CF75	0	
52900	AMOURTISSEUR CABINE DAF AV XF95/XF105	0	
53304	AMOURTISSEUR CABINE IVECO STRALIS AR	0	
53301	AMOURTISSEUR CABINE IVECO STRALIS AV	0	
52306	AMOURTISSEUR CABINE MAN AR TGA/TGS	0	
52304	AMOURTISSEUR CABINE MAN AV TGA/TGS	0	
52502	AMOURTISSEUR CABINE REMAULT AV PREMIUM/KERA	0	
52501	AMOURTISSEUR CABINE RENAULT AR PREMIUM/KERAX	0	
52701	AMOURTISSEUR CABINE SCANIA AR	0	
52703	AMOURTISSEUR CABINE SCANIA AR	0	
72703	COUSSIN D'AIR CABINE SCANIA AV COMPLET	0	
52707	AMOURTISSEUR CABINE SCANIA AV	0	
53103	AMOURTISSEUR CABINE VOLVO AR FH/FM	0	
53106	AMOURTISSEUR CABINE VOLVO AV/AR F10/F12/F16	0	
53102	AMOURTISSEUR CABINE VOLVO FH/FM AR	0	
53104	AMOURTISSEUR CABINE VOLVO FH/FM AR	0	
72306	COUSSIN D'AIR CABINE MAN AR TGA/TGS/TGX	0	
72303	COUSSIN D'AIR CABINE MAN AR TGA/TGS/TGX	0	
72308	COUSSIN D'AIR CABINE MAN AR TGA/TGS/TGX	0	
72300	COUSSIN D'AIR CABINE MAN AV TGA/TGS/TGX	0	
72302	COUSSIN D'AIR CABINE MAN AV TGA/TGS/TGX	0	
72500	COUSSIN D'AIR CABINE RENAULT AR PREMIUM	0	
72501	COUSSIN D'AIR CABINE RENAULT AR PREMIUM/KERAX	0	
72506_92500	COUSSIN D'AIR CABINE RENAULT AV PREMIUM/KERAX	0	
72705-K	COUSSIN D'AIR CABINE SCANIA AR 4SERIE	0	
72703-K	COUSSIN D'AIR CABINE SCANIA AV/AR 4SERIE	0	
72708-K	COUSSIN D'AIR CABINE SCANIA AV/AR 4SERIE	0	
72713-K	COUSSIN D'AIR CABINE SCANIA AV/AR 4SERIE	0	
73100	COUSSIN D'AIR CABINE VOLVO AR FH12/FH16	0	
73103	COUSSIN D'AIR CABINE VOLVO AV FH/FM	0	
73101	COUSSIN D'AIR CABINE VOLVO AV FH12/FH16	0	
72710	COUSSIN D'AIR CABINE SCANIA 410 AV	0	
73102	COUSSIN D'AIR CABINE VOLVO FH AV	0	
OSY_1021	KIT SELETTE 3 TR	0	
OSY_1022	CROCHE SELETTE	0	
OSY_1046	VERROU SELETTE	0	
OSY_1066	KIT CAOUTCHOUC SELETTE	0	
OSY_1072	KIT SELETTE 4 TR	0	
OSY_1050	CROCHE SELETTE NV MODEL	0	
OSY_1069	KIT SELETTE 2TR NV MODEL	0	
OSY_1129	KIT SELETTE 3 TR AVEC CROCHE	0	
OSY_1008	PIVOT AVEC ECROU 2	0	
OSY_1007-3	JEU DE BOULON PIVOT	0	
ZEP0001603	COMPRESSEUR DAF CF/XF	0	
ZEP0000482	COMPRESSEUR MAN TGA/TGS/TGX	0	
ZEP0001618	COMPRESSEUR RENAULT KERAX 400	0	
ZEP0001536	COMPRESSEUR RENAULT PREMIUM 440	0	
ZEP0001588	COMPRESSEUR SCANIA 360	0	
ZEP0001554	COMPRESSEUR VOLVO NL10	0	
ZEP0004332	COUVERT REFROIDISSEUR SCANIA 360	0	
ZEP0002691	CULASSE COMPRESSEUR DAF CF/XF	0	
ZEP0002716	CULASSE COMPRESSEUR DAF PACCARD	0	
ZEP0003552	CULASSE COMPRESSEUR MAN TGA	0	
ZEP0003535	CULASSE COMPRESSEUR MAN TGA	0	
ZEP0002796	CULASSE COMPRESSEUR RENAULT KERAX 400	0	
ZEP0002497	CULASSE COMPRESSEUR RENAULT PREMIUM	0	
ZEP0004005	CULASSE COMPRESSEUR SCANIA 360	0	
ZEP0003602	CULASSE COMPRESSEUR VOLVO FH/FM	0	
ZEP0003573	CULASSE COMPRESSEUR VOLVO FH/FM 1P	0	
ZEP0001879	CYLINDER COMPRESSEUR MAN 90mm	0	
ZEP0005388	DESSICATER D'AIR STD	0	
ZEP0008389	DESSICATEUR D'AIR MERCEDES/DAF	0	
ZEP0002705	KIT COMPRESSEUR DAF 95XF/CF85/CF75	0	
ZEP0002719	KIT COMPRESSEUR DAF PACCARD	0	
ZEP0002854	KIT COMPRESSEUR IVECO STRALIS	0	
ZEP0002858	KIT COMPRESSEUR IVECO STRALIS TRAKKER	0	
ZEP0002265	KIT COMPRESSEUR MAN TGA	0	
ZEP0003548	KIT COMPRESSEUR MAN TGA	0	
ZEP0002339	KIT COMPRESSEUR MAN TGA/TGS/TGX	0	
ZEP0002277	KIT COMPRESSEUR MAN TGA/TGS/TGX	0	
ZEP0003427	KIT COMPRESSEUR MERCEDES ACTROS	0	
ZEP0002798	KIT COMPRESSEUR RENAULT KERAX 400	0	
ZEP0002499	KIT COMPRESSEUR RENAULT PREMIUM 440	0	
ZEP0003085	KIT COMPRESSEUR RENAULT R310/330/340	0	
ZEP0003647	KIT COMPRESSEUR VOLVO / SCANIA	0	
ZEP0002629	KIT COMPRESSEUR SCANIA R410	0	
ZEP0003672	KIT COMPRESSEUR VOLVO F10/F12	0	
ZEP0002552	KIT COMPRESSEUR VOLVO F10/F12/FM10	0	
ZEP0002534	KIT COMPRESSEUR VOLVO FH/FM 1P	0	
ZEP0002542	KIT COMPRESSEUR VOLVO FH/FM	0	
ZEP0002456	KIT COMPRESSEUR VOLVO NL10	0	
ZEP0002405	KIT COMRESSEUR VOLVO/SCANIA	0	
Z07K002	KIT REPARATION DECLENCHEUR METAL	0	
ZEP0015703	KIT REPARATION DESSICATEUR	0	
ZEP0001217	KIT REPARATION SERVEAU D'EMBRAYAGE MAN TGA	0	
ZEP0001246	KIT REPARATION SERVEAU D'EMBRAYAGE RENAULT KERAX	0	
ZEP0001278	KIT REPARATION SERVEAU D'EMBRAYAGE SCANIA 360	0	
ZEP0005205	KIT REPARATION SERVEAU D'EMBRAYAGE SCANIA 380	0	
ZEP0001286	KIT REPARATION SERVEAU D'EMBRAYAGE VOLVO F10/N10	0	
ZEP0007175	KIT REPARATION VALVE FRUEHAUF BAL	0	
ZEP0002678	PISTON + SEGEMENT 75,00 STD 2X2X4	0	
ZEP0002805	PISTON + SEGEMENT 78.00 STD 2,5X2,5X4	0	
ZEP0002000	PISTON + SEGEMENT 86.00 STD	0	
ZEP0001929	PISTON + SEGEMENT 88.00 STD 2,5x2,5x4	0	
ZEP0001846	PISTON + SEGEMENT 90.00 STD 2,5x2,5x4	0	
ZEP0001961	PISTON+SEGEMENT 85,00 STD 2x2x4	0	
ZEP0001364	POMPE D'EMBRAYAGE DAF CF/XF	0	
ZEP0004536	POMPE D'EMBRAYAGE MAN TGA/TGS/TGX	0	
ZEP0015153	POMPE D'EMBRAYAGE RENAULT PREMIUM 440	0	
ZEP0004541	POMPE D'EMBRAYAGE SCANIA 360	0	
ZEP0001337	POMPE D'EMBRAYAGE SCANIA 360/380	0	
ZEP0001354	POMPE D'EMBRAYAGE VOLVO F10/F12/B12	0	
ZEP0001062	SERVEAU D'EMBRAYAGE MAN TGA/TGS/TGX	0	
ZEP0001031	SERVEAU D'EMBRAYAGE DAF/MERCEDES	0	
ZEP0001058	SERVEAU D'EMBRAYAGE RENAULT KERAX 400	0	
ZEP0010072	SERVEAU D'EMBRAYAGE RENAULT PREMIUM 440	0	
ZEP0001152	SERVEAU D'EMBRAYAGE SCANIA 360	0	
ZEP0001180	SERVEAU D'EMBRAYAGE SCANIA 380	0	
ZEP0001164	SERVEAU D'EMBRAYAGE VOLVO F10/F12/N10/NL	0	
ZEP0010316	SERVEAU D'EMBRAYAGE VOLVO FH/FM	0	
ZEP0007444	VALVE PEDAL DE FREIN STD	0	
ZEP0007372	VALVE SUSPENSSION DAF SCANIA/IVECO/SAF/SCHMITZ	0	
ZEP0007242	VALVE SUSPENSSION MAN/DAF/SCANIA/VOLVO	0	
213_15_06347	AMORTISSEUR CALANDRE MAN TGA 145MM-350N	0	
209_15_03328	AMORTISSEUR CALENDRE SCANIA 380 410 140MM/ 250N	0	
207_15_01804	AMORTISSEUR CALENDRE VOLVO FH12-FH16 530MM / 150N	0	
209_11_02838	ARRET D'HUIL MOYEU SCANIA AR 142x170x16x15	0	
207_09_01113	ARRET D'HUILE ROUE VOLVO/RENAULT 90X125X10	0	
207_02_16382	BOUCHON ADBLUE VOLVO/RENAULT/SCANIA	0	
205_04_03998	BOUCHON VASE D'EXPANSSION MAN TGA/MERCEDES	0	
209_06_14529	CABLE ACCELERATEUR SCANIA 360 114/124	0	
213_15_22470	CABLE DE PORTE CABINE MAN TGA	0	
206_15_13839	CABLE DE PORTE CABINE RENAULT PREMIUM/KERAX GM	0	
206_15_13838	CABLE DE PORTE CABINE RENAULT PREMIUM/KERAX PM	0	
209_15_03388	CAOUTCHOUC SUPPORT CABINE SCANIA 4-SERIE TRUCK	0	
206_01_13467	CAPTEUR ABS VOLVO/RENAULT/IVECO/MAN	0	
208_04_08881	CAPTEUR DE PRESSION D'AIR MAN/DAF/SCANIA/IVECO	0	
2052071G	CHAPPE DIRECTION Ø 23,5/30 LH	0	
2051526G	CHAPPE DIRECTION Ø 23,5/30 RH	0	
2011508G	CHAPPE DIRECTION Ø 27/30 LH	0	
2011507G	CHAPPE DIRECTION Ø 27/30 RH	0	
2071524F	CHAPPE DIRECTION Ø24/30 LH	0	
2071523F	CHAPPE DIRECTION Ø24/30 RH	0	
209_02_15029	CLAPIE DE GAZOIL SCANIA	0	
207_05_00758	COUPE COURANT STD	0	
213_01_21992	COUVER FILTER A HUIL MAN	0	
209_02_14999	COUVER FILTRE A GAZOIL SCANIA 360/380	0	
207_04_16232	COUVER THERMOSTAT VOLVO/RENAULT	0	
207_04_16244	DURITE INTERCOOLER VOLVO FH/FM/B9/B12 81x105x150	0	
207_04_00564	DURITE INTERCOOLER VOLVO FH/FM/B9/B12 82x106x147	0	
213_04_05603	DURITE RADIATEUR MAN TGA/TGS 59x70x390	0	
209_07_30446	DURITE RADIATEUR SCANIA 380	0	
209_04_21526	DURITE RADIATEUR SCANIA 50/56x430	0	
207_04_16183	DURITE RADIATEUR VOLVO FH	0	
209_04_20723	DURITE RETARDEUR SCANIA	0	
213_03_05495	FLEXIBLE ECHAPPEMENT MAN TGA/TGS/TGX 110X 443	0	
213_15_06395	KIT CABINE MAN TGA/TGS	0	
206_15_25253	KIT CABINE RENAULT PREMIUM 420	0	
2134494	KIT SUPPORT GUIDAGE MAN/MERCEDES/DAF 85x130x19	0	
2077054	KIT SUPPORT GUIDAGE Ø75x115xØ19	0	
2135399	KIT SUPPORT GUIDAGE Ø85x130xØ25	0	
213_07_22217	POIGNET DE LEVIER VITESSE MAN TGA/TGS/TGX 8V GOUPILLE	0	
206_07_30447	POIGNET DE LEVIER VITESSE RENAULT PREMIUM	0	
209_15_03402	POMPE CABINE SCANIA N.M	0	
213_02_15903	POMPE D'ALIMENTATION MAN TGA	0	
208_06_09086	POMPE D'EMBRAYAGE DAF CF/XF	0	
213_10_06027	SILENT BLOC BARRE STABILISATRICE MAN 55x83x70	0	
213_15_06385	SILENT BLOC CABINE MAN TGA/TGS/TGX	0	
213_15_06366	SILENT BLOC CABINE MAN TGA/TGS/TGX 80c16,5x60	0	
223_10_14282	SILENT BLOC LAME RESSORT BPW-ROR 30x57x102	0	
213_10_05917	SILENT BLOC LAME RESSORT MAN TGA/TGS/TGX 95x24x62	0	
205_10_04342	SILENT BLOC LAME RESSORT RENAULT 440 24x62x95	0	
207_10_08737	SILENT BLOC LAME RESSORT VOLVO AR 110x20x52	0	
201_10_23112	SILENTBLOC RESSORT IVECO 32,5x37x65	0	
208_04_08864	TENDEUR DE COURROIE DAF CF85/XF95	0	
208_04_08866	TENDEUR DE COURROIE DAF XF 105	0	
213_04_05678	TENDEUR DE COURROIE MAN TGA/TGS/TGX	0	
209_04_02377	TENDEUR DE COURROIE SCANIA 360	0	
209_07_02504	TRIANGLE DE COMMANDE VITESSE	0	
213_13_22821	TUBE COMPRESSEUR MAN TGA/TGS/TGX	0	
213_13_22822	TUBE COMPRESSEUR MAN TGA/TGS/TGX	0	
201_04_26556	VASE D'EXPANSSION IVECO STRALIS/TRAKKER	0	
206_04_13883	VASE D'EXPANSSION RENAULT PREMIUM/KERAX	0	
213_02_22080	VERRE FILTRE CARBURANT MAN TGA	0	
309-0483	BARRILET DE PORTE CABINE VOLVO FH/FM	0	
526-846	BOUCHON ADBLUE DAF/MERCEDES	0	
210-6027	BOUCHON RESERVOIR STD D80	0	
979-593	BOUCHON VASE D'EXPANSSION VOLVO/RENAULT	0	
414-372	CABLE ACCELERATEUR SCANIA 360 114/124	0	
680-0132	CABLE DE PORTE CABINE MAN TGA	0	
498-712	CABLE DE PORTE CABINE SCANIA 360/380	0	
922-589	CABLE DE PORTE CABINE VOLVO FH/FM	0	
789-683	CABLE VITESSE VOLVO FH NOIR 2650mm	0	
545-955	CABLE VITESSE VOLVO FH/FM GRIS 2915mm	0	
303110004	valve de boite a vitesse	0	
381-957S	BOUCHON CARTER D'HUIL SCANIA	0	
176-136	CABLE DE REGLAGE DE LACOLONNE DE DIRECTION	0	
870-062	CABLE VITESSE RENAULT PREMIUM/KERAX	0	
383-063	CACHE BALANCIER SCANIA 360	0	
697-325	CAPTEUR DE PRESSION D'AIR MAN/DAF/SCANIA/IVECO	0	
482-562	CAPTEUR DE PRESSION D'HUIL SCANIA 360	0	
252-439	CAPTEUR DE TEMPERATURE DAF CF/XF	0	
421-0190	CAPTEUR DE TEMPERATURE MAN TGA/TGS/TGX/F2000	0	
412-450	CAPTEUR DE TEMPERATURE VOLVO/RENAULT	0	
448-082	CAPTEUR NIVEAU DE SUSPENSSION DAF/RENAULT/SCANIA	0	
985-226	CAPTEUR PEDAL D'ACCELERATEUR VOLVO FH/FM	0	
524-936	CAPTEUR PEDAL D'ACCELERATEUR VOLVO/RENAULT	0	
504-685	CAPTEUR PEDAL D'ACCELERATEUR VOLVO/RENAULT	0	
172-171	COMODO DE SIGNAL VOLVO FH/FM/B7/B9/B10	0	
070-1049	COMODO D'ESSUIS-GLACE VOLVO FH/FM/B7/B9	0	
484-914	COUVER THERMOSTAT SCANIA	0	
478-655	COUVER THERMOSTAT SCANIA	0	
864-077	COUVER THERMOSTAT SCANIA	0	
484-919	COUVER THERMOSTAT SCANIA	0	
343-100	DOUILLE SUSPENSSION DE LA CABINE SCANIA	0	
315-483	DURITE INTERCOLER 90X260 PREMIUM 420	0	
301-0900	DURITE INTERCOOLER MAN 8R	0	
945-582	DURITE INTERCOOLER MERCEDES ACTROS 115x120	0	
305-0134	DURITE RADIATEUR MAN	0	
377-231	DURITE RADIATEUR SCANIA	0	
878-891	DURITE RADIATEUR SCANIA 380	0	
373-919	DURITE RADIATEUR SCANIA SERIE 4	0	
402-0188	DURITE TURBO MAN/TGA/TGS/TGX	0	
210-0086	FLEXIBLE D'ECHAPPEMENT MAN TGA/TGS/TGX	0	
107-8115	FLEXIBLE D'ECHAPPEMENT VOLVO 115x500	0	
107-8110	FLEXIBLE D'ECHAPPEMENT VOLVO 128x132x370	0	
921-895	JOINT REFROIDISSEUR D'HUIL SCANIA P380	0	
481-245S	KIT CABINE SCANIA	0	
324-713S	KIT CABINE SCANIA	0	
377-562S	KIT CABINE SCANIA 16x60x80	0	
676-594	PIPE D'HUIL VOLVO FH	0	
555-313	PIPE POMPE A EAU VOLVO/RENAULT	0	
285-260	POIGNET DE LEVIER DE VITESSE DAF CF/XF	0	
727-377	POIGNET DE LEVIER DE VITESSE SCANIA 360	0	
727-378	POIGNET DE LEVIER DE VITESSE SCANIA 380	0	
1400030100	KIT COMPRESSEUR SC SERIE3/SERIS4/BUS	0	
425302F	VENTEUZE DE CABINE AV RENAULT PREMIUM/KERAX	0	
080.238	VT-VENTEUZE CABINE RVI KERAX AV 92X115	0	
2221201	CLAPET CHARGE RAPIDE VOVLO M16 X	0	
KU0497	PIVOT SANS CUVET MF 1712	0	
450-903	POMPE CABINE DAF CF/XF	0	
723-6044	POMPE CABINE MAN TGA/TGS/TGX	0	
316-438	POMPE CABINE RENAULT PREMIUM/KERAX	0	
378-531	POMPE CABINE SCANIA 360	0	
794-906	POMPE CABINE SCANIA R410	0	
800-6099	POULIE DE TENDEUR MAN TGA/TGS/TGX 73x34	0	
514-087	POULIE DE TENDEUR SCANIA 360	0	
858-884	POULIE DE TENDEUR SCANIA 360/380	0	
761-057	POULIE DE TENDEUR SCANIA 380	0	
860-733	POULIE DE TENDEUR SCANIA P380	0	
384-624	ROUTULE LEVIER DE VITESSE SCANIA	0	
210-0019	SILENT BLOC CABINE MAN TGA/TGS/TGX	0	
602-00004	SILENT BLOC CABINE MAN TGA/TGS/TGX	0	
316-015	SILENT BLOC CABINE RENAULT PREMIUM/KERAX	0	
394-544	SILENT BLOC CABINE SCANIA 360 80x16x60	0	
228-947	SILENT BLOC CABINE VOLVO/RENAULT	0	
316-9000	SILENT BLOC LAME RESSORT BPW-ROR 30x57x102	0	
533-294	SILENT BLOC LAME RESSORT VOLVO AR 110x20x52	0	
496-749	SUPPORT MOTEUR AV SCANIA 124	0	
614-600	SUPPORT MOTEUR VOLVO F10/N10	0	
564-240	SUPPORT VENTULATEUR VOLVO FH/FM	0	
752-918	SWITCH DE COMMANDE VOLVO FH/FM	0	
5800-7477	TENDEUR DE COURROIE MAN TGA/TGS/TGX	0	
870-551	TENDEUR DE COURROIE SCANIA 410	0	
404-925	THERMOSTAT SCANIA 4 SERIE 80°C GM	0	
431-979	THERMOSTAT SCANIA P/G/R/T 75°C PM	0	
544-683	THERMOSTAT VOLVO/DAF/RENAULT 82°C	0	
662-413	VALVE BOIT DE VITESSE STD	0	
172-628	VALVE BOIT VITESSE VOLVO FH/FM	0	
672-231	VALVE BOIT VITESSE VOLVO FH/FM	0	
106-8951	VALVE BOIT VITESSE VOLVO FH/FM	0	
583-428	VALVE SUSPENSSION VOLVO/RENAULT	0	
960-437	VASE D'EXPANSSION DAF EURO6	0	
102-6219	VASE D'EXPANSSION MAN	0	
101-7015	VASE D'EXPANSSION RENAULT PREMIUM/KERAX	0	
421-090	VASE D'EXPANSSION SCANIA 360/380	0	
AT2001L	PLAQUE DE REMORQUE PM LEDS 12/24V	0	
AT2001-NEON	PLAQUE DE REMORQUE PM AT2001-LEDS NEON	0	
03RF0503	PRISE REMORQUE 24V FEMELLE METAL TYPE N	0	
AT53J	FEU DE POS RECT JAUNE AT53-0	0	
AT55R	REFLECTEUR RECT 43X180 ROUGE AT55-R	0	
MR-17J	GYROPHARE 2POS- LED ORANGE BURNERS	0	
AT953R	REFLECTEUR FLECHE ROUGE	0	
AT953J	REFLECTEUR FLECHE ORANGE	0	
ROOF	PLAFONNIER 84 LED 300X125 12/24V	0	
TD0563138L1	FEU AR UNIVERSEL FEU PLAQUE REFLECHEUR	0	
TD0563138R1	FEU AR UNIVERSEL FEU PLAQUE REFLECHEUR	0	
AT403R	FEU DE POS DIA 68MM ROUGE TASSIL	0	
LS508-S	FEU DE CHANTIER CARRE LED 9-36V BLANC	0	
MANC311254	FILTRE A AIR SCANIA	0	
MANC271340	FILTRE A AIR VOLVO/SCANIA	0	
0803YLT	CACHE OPTIQUE G VOVLO FH12-16	0	
0803YRT	CACHE OPTIQUE D VOVLO FH12-16	0	
EML0030CT	CABOUCHON AR/G AVEC TRIANGLE	0	
EMR0030CT	CABOUCHON AR/D AVEC TRIANGLE	0	
56852	A.H MOYEAU DAF	0	
HD-05-S-015	PHARE SECOURS SCANIA SERIE 6 GH	0	
HD-05-S-016	PHARE SECOURS SCANIA SERIE 6 DR	0	
75838	COIN PARECHOC MAN TGS DR	0	
82343	JOINT THERMOSTAT RVI 440 VOLVO FM-FH OEM 215	0	
HD-01-D-046	CEINTURE DE AILE DAF XF95/ XF95/ XF105	0	
HD-01-D-137	RETROVISEUR DAF XF105 GM	0	
HD-01-D-139	RETROVISEUR DAF XF105 PM	0	
HD-01-S-004	FEU AV SCANIA 113 DR	0	
HD-01-S-005	FEU AV SCANIA 113 GH	0	
HD-02-B-040	RETROVISEUR MERCEDES ACTROS MP1 SUP	0	
HD-02-B-041	RETROVISEUR MERCEDES ACTROS MP1INF	0	
HD-02-D-026	POIGNET EXT DAF CF GH	0	
HD-02-M-076	RETROVISEUR MAN TGA/TGS PORTE	0	
HD-02-R-005	GLACE OPTIQUE RVI	0	
HD-02-R-071	RETROVISEUR RVI PREMIEUM 2/3 G/D PORTE	0	
HD-02-R-101	BOUCHON RESERVOIRE RVI 5001864551 /68659	0	
HD-02-R-137	REGLAGE DE SIEGE OEM 0009107238 /81751 STD	0	
HD-02-S-014	SUPPORT OPTIQUE SCANIA 114 P/R DR	0	
HD-02-S-193	RETROVISEUR SCANIA SC114 PORTE	0	
HD-03-B-001	OPTIQUE MERCEDES ACTROS MP2 DR	0	
HD-03-B-002	OPTIQUE MERCEDES ACTROS MP2 GH	0	
HD-03-D-003	FEU AR STOP DAF EURO 6 XF106 DR	0	
HD-03-D-004	FEU AR STOP DAF EURO 6 XF106 GH	0	
MR1043	FILTRE A AIR 2114402 DAF430	0	
131180000100	FEUX AR CARRE 3 FONCTIONS	0	
HD-03-S-027	PARECHOC SCANIA P420 DR(COIN)	0	
HD-03-S-029	PARECHOC SCANIA P420 GH (COIN)	0	
030.307	AM-AMOURTISSEUR CABINE AVANT VOVLO FH FM	0	
HD-04-S-085	CACHE FILTRE A AIR SCANIA 420 77215	0	
HD-04-V-016	FEU POSITION VOVLO FH/FM V2	0	
HD-04-V-017	CACHE DE ROUE VOVLO FH/FM V2	0	
HD-05-V-001	OPTIQUE VOLVO FH/FM V3 DR	0	
HD-05-V-002	OPTIQUE VOLVO FH/FM V3 GH	0	
HD-05-V-005	FEU AV VOLVO FH/FM V3 DR	0	
HD-05-V-010	SOCLE PHARE SECOURS VOLVO FH/FM V3 DR	0	
HD-05-V-011	SOCLE PHARE SECOURS VOLVO FH/FM V3 GH	0	
HD-05-V-017	SOCLE OPTIQUE VOLVO FH/FM V3 GH	0	
HD-05-V-087	RETROVISEUR VOVLO FH/FM V3 PORTE	0	
PU100032X	FILTRE A GAZOIL SCANIA KIT DE3158	0	
078.309-01	AM-AMOURTISSEUR CABINE VOVLO FH PLAZMA	0	
DF-09373XX	HUILE DAF 15W40 20L TRP	0	
752424	VASE RLT SOLO 4 TROU 11 CM	0	
292051	RELAIS PRECHAUFFAGE 4F 12V RNT-PGT-CIT	0	
292052	RELAIS PRECHAUFFAGE 4F 12V RNT-PGT-CIT	0	
SP-096.407-01	SP 096.407-01 VALVE REGLAGE DE SUSP PNEUMA DAF RVI OEM:1934584	0	
SP-043.113-01	SP-043.113-01 VENTEUZE AVEC AMORTISSEUR SUSPENSION CABINE SCANIA 410	0	
SP-030.270-01	SP-030.270-01 VENTEUZE AC AMORTI SUSPCABINE VOVLO FH12 AV OEM:3172984	0	
APV1051	TENDEURS DE COURROIES DE STRIEE SCANIA 124/142/143/144 1383564	0	
APV2706	Poulie renvoi/transmission,courroie trapézoidale à CATERPILLAR 3126 VOVLO FL	0	
APV2689	Poulie renvoi/transmission,courroie trapézoidale à nervures 74X32	0	
APV2729	Tendeur de courroie,courroie trapézoïdale à SCANIA -P.G.R.T-se	0	
8PK1535	Courroie trapézoïdale à nervures SCANIA	0	
APV2688	Poulie renvoi/transmission,courroie trapézoidale à nervures 74X46 MAN	0	
KU0498	PIVOT AVEC CUVET MF 1711-2	0	
35446	VALVE MULTIPLIER 4T VOLVO OEM 1669297	0	
FE439	PHARE SECOURS 20211-3) 10-36V	0	
M_611252	FEU AR D DAF LF	0	
M_611253	FEU AR G DAF LF	0	
CA155	SERRURE DM INOX TRIPORTEUR PM	0	
21133	PHARRE SECOURD	0	
C207_OR_C_OR	GYROPHARE	0	
SE036	REFLECTEUR GM R/BL SIMPLE 5 MM	0	
10550	TUISSE LOG	0	
WSK.56	NEC APPAREIL REMORQUE FRF	0	
MAN31014	FITRE AIR SCANIA CROMPO	0	
842	RELAIS MIT MERCEDES ACTROS	0	
703141400	COLLE DE JOINTS REINZ	0	
819052	ANTIGEL 5L -25° VERT	0	
1987947613	10X1000 COURROIE BOSCH	0	
1987947640	10X1050 COURROIE BOSCH	0	
1987947644	10X1150 COURROIE BOSCH	0	
1987947646	10X1200 COURROIE BOSCH	0	
1987947647	10X1300 COURROIE BOSCH	0	
1987947657	13X1075 COURROIE BOSCH	0	
1987947658	13X1100 COURROIE BOSCH	0	
1987947659	13X1125 COURROIE BOSCH	0	
3397015409	X1 BALAI MAN/SCANIA/RENAULT/MERCEDES 65 =N65	0	
29211A	PLAQUETTES DE FREINS PL	0	
6010001	FERMETURE 152.06.001.01	0	
KU1710	CUVET MF1710	0	
MR286	FL A AIR SCANIA 124G	0	
9.9027.1	FLASHEUR 12V 3F A/SUPPORT	0	
99560	APPAREIL TEMERATURE ELEC 12V	0	
EMR0030L+EML0030L	FEU ARRIERE 6 CHAMBRES G/D PC	0	
080.354	BT-CHAPPE LEVIER VITESSE RENAULT KERAX	0	
CA350	SERRURE TRIPORTEUR T022-04/GLV	0	
468_77_005	POMPE CABINE RENAULT KERAX	0	
ZEP0003533	CULASSE COMPRESSEUR MAN TGA/TGS/TGX	0	
ZEP0002377	KIT COMPRESSEUR SCANIA	0	
AH_1736562_SCANIA	MTF535-DSK ARRET D HUILE SCANIA 145X170X14.5/18	0	
FT-130COF-LED	FEU AR LED 6 UNIVERSEL 12V/24V	0	
CA082	SABOT 24.2CM/8CM	0	
MANWA940_18	FILTRE A EAU DAF 95XF	0	
MM323	FL GAZOIL A HUILE VOLVO/RVI T.TYPE SCANIA	0	
MZ288	FILTRE A HUILE IVECO 2992544	0	
MR284	FL A AIR RVI KERAX -INT R404 27.284.16	0	
BOSK.1.6	NEC VALVE D AIR VOVLO OEM 590340	0	
8PK2043HD	Courroie SCANIA 144 C-G-L Mtr. DSC 14/13	0	
8PK1635HD	Courroie trapézoïdale à nervures MAN - TGA	0	
042.361	BT-ROISILLON BOITE VITESSE SCANIA P360	0	
050.495	PASTILLE D'EAU DAF 45 MM	0	
040.198	SUPPORT RADIATEUR SCANIA G	0	
040.199	SUPPORT RADIATEUR SCANIA D	0	
050.584	BT-KIT REPPARATION FORCHETTE EMBRAYGE	0	
040.092	X-AMORTISSEUR CALENDRE SCANIA 113-143	0	
040.093	X-AMORTISSEUR CALENDRE SCANIA 124-144	0	
1830_0048	X-GARDE BOUE VOLVO FH FM	0	
043.200	X-MANIVELLE VITRE SCANIA /G	0	
043.199	X-MANIVELLE VITRE SCANIA /D	0	
1820_0040	X-CORPS MARCHE PIED MAN TGA TGX TGS -XXL	0	
252_11_001	CABLE VITESSE VOLVO FH NOIR 2650mm	0	
184_00_014	BOUCHON RESERVOIRE VOLVO/RENAULT	0	
0104054	COUVERCLE DE FILTRE SCANIA	0	
4001	BARADHL STOP FUITE RADIATEUR 300ml	0	
100610	PORTE FUSIBLE A 4 LAMES	0	
12132010NG	CABLE SV1V 2X1 mm² ING	0	
YF-314	FILTRE A GAZOIL MIT FIGHTER -FK 415	0	
YFC-317	FILTRE A GAZOIL MIT CANTER NM- HY HD65	0	
YFC-318	FILTRE A GAZOIL MIT CANTER HD ME016823	0	
YC_223	FILTRE A HUILE MIT FIGHTER FUSO N/M +FK	0	
YC-305	FILTRE A HUILE MIT CANTER ME014838	0	
YC-310	FILTRE A HUILE MIT CANTER NM SANA VIS	0	
YF_336	FILTRE A GAZOIL MIT FIGHTER 2015+-NISSAN	0	
YF_3-F1009	FILTRE A GAZOIL MIT CANTER AM CARTOUCHE	0	
YF667920	FILTRE A GAZOIL MIT CANTER FUSO MK667920	0	
YO_362	FILTRE A HUILE MIT CANTER FUSO NM QC000001	0	
2825	LAMPE 12V 5W T/B S/BASE	0	
MANC271250_1	FILTRE A AIR MAN TGA-TGS-TGX	0	
MANCF1640	FILTRE A AIR IVECO/MAN	0	
29246A	PLAQUETTES DE FREINS	0	
WAB_4329012532	WAB_4329012532 CARTOUCHE DESSICATEUR DAF EURO 6	0	
WAS_4324109272	WAS_4324109272 KIT CARTOUCHE SCANIA	0	
48728	H7 24V 70W PX26d=13972philips	0	
17916	LAMPES P21/5W 12V21/5W BAY 15D	0	
48321	LAMPES H3 12V 55W	0	
18032	LED H4 RPL2	0	
18033	LED H7 RPL2	0	
18058	H3	0	
131130000100	FEUX DE POSITION JAUNE	0	
3206.0077760	BALAI ESSUIS GLACE CAMION 24 60CM	0	
3206.0077765	BALAI ESSUIS GLACE CAMION 24 65CM	0	
3206.0077770	BALAI ESSUIE GLACE CAMION 28 70CM	0	
3397015410	BALAIS MERCEDES/MAN/SCANIA/RENAULT	0	
WK1080_7X	FILTRE A GAZOIL	0	
19879476665	13X1275 COURROIE BOSCH	0	
SP_078.309-01	SP_078.309-01 VENTEUZE AVEC AMOURTISSEURSUSPENTION VOLVO FH16 FH16A	0	
12135015NG	CABLE SV1V 5X1.5 mm² ING	0	
10951150NR	PROJECTEUR LED IP65 50W NOIR	0	
ELC-UNV-0025	CONTACT PRECHAUFFAGE GM STD	0	
31220	MANO TEMPERATURE 31220 STD CULASSE	0	
62150	BOUTON CARRE 2F STD 2 POSITIONS	0	
65140	INVERSEUR 3P LONG 13MM A/VIS	0	
98803	DOUILLE LAMPE GM S/BASE VEILLEUSE	0	
722424	VASE 24/24 DD	0	
2104127037	NASCOR ANTIFREEZE 25L	0	
SP_070.513	SP 070.513 KIT DE REPARATION ABRE DE CAMME BPW	0	
FICHE1_12_24V_MALE	MTF1419 FICHE ALU 7 PLOTS MALE 12/24V	0	
AH_1907845_SCANIA	MTF519-DSK ARRET D HUILE SCANIA DIM 158X188X16	0	
GJ_M22X1.5X91.5	MTF839-GOUJON BPW NEW MODEL LONG 91.5	0	
GJ_20553561	MTF833-GOUJON VOLVO FH12 FH16 FM LONG 142/132 GOUJON+ECROU	0	
GJ_20524942	MTF834-GOUJON VOLVO FH12 FH16 FM13 LONG 124/114 GOUJON+ECROU	0	
GJ_21147687	MTF826-GOUJON VOLVO FH FM RVI LG 115/105+ECROU	0	
GJ_190513	MTF837 GOUJON RVI LONG 97 GOUJON+ECROU	0	
GJ_58X7_8XX11BSF	MTF835BIS-GOUJON SCANIA AVANT ROND LG 85MM SW33	0	
GJ_7168580	MTF824-GOUJON IVECO AV LONG101/92 GOUJON +ECROU	0	
GJ_206482	MTF818-GOUJON IVECO AR LONG 123/114 GOUJON+ ECROU	0	
GJ_92X1.5XM22	MTF840-GOUJON MERCEDES ARRIERE LG 92MM	0	
GJ_68X1.5XM22	MTF841-GOUJON MERCEDES AVANT LG 68MM	0	
ECROU_STD32	MTF838 ECROU STD 32	0	
ECROU_VOLVO_SW33	MTF842-ECROU VOLVO 7/8- 14XSW33	0	
ECROU_SCANIA	MTF843 ECROU SCANIA 7/8-11XSW33XH27	0	
SP_115.736	SP 115.736 JOINT REDUCTEUR MAN TGA TGS	0	
SP_034.397	SP 034.397 GLACE RETROVISSEUR VOLVO PM FH FM4	0	
KIT_REP_CAM_BAGUE	MTF422BIS KIT DE REPARATION CAME FUWA BAGUE CUIVRE	0	
SP_034.391	SP 034.391 GLACE RETROVISEUR VOLVO GM FH FM	0	
SP_034.394	SP 034.391 GLACE RETROVISEUR PM VOLVO FH FM4	0	
SP_042.105	SP 042.105 GLACE RETREVISEUR SCANIA GM OEM:1765985	0	
SP_032.202	SP 032.202 CROISSILON DE CARDAN VOLVO 152.6mm/50mm 1651032	0	
449-1401N-AE	FEU DE POSITION MN.T-GA..00.	0	
440-14005L-UE	FEU DE POSITION MERC ACTROS..3 G	0	
440-1405R-UE	FEU DE POSITION MERC ACTRS..03 D	0	
WSK.57.5	NEC VALVE D'AIR CHASSAIS VOLVO	0	
8PK1725	Courroie trapézoïdale à nervures VOLVO FM	0	
MANC311345_1	FILTRE A AIR: C311345 VOLVO FM7	0	
MANHU1390X	FILTRE A HUILE VOLVO FE II-FL II/RVI	0	
MANCF1510_1	FILTRE A AIR VOVLO FM	0	
MANW950_26	FILTRE A HUILE IVECO/RISBUS	0	
MANWK950_21	FILTRE A CARBURANT DAF/IVECO/NISSAN/IRISBUS	0	
MFL3	BATTERIE MFL3 72 AH	0	
C32S	BOUGIE ALLUMAGE COURT D=21	0	
C52LS	BOUGIE ALLUMAGE LONG D=21 EYQ	0	
FC52LS	BOUGIE ALLU.D=16 A/RONDELLE EYQ	0	
FARE-_10530	BOUCHON VIS CARTER D'HUILE	0	
FARE-1531	BOUCHON VIS CARTER D'HUILE	0	
HF-1661P	F.A.A--BERLINGO-C15-205-306-PARTNE1.9D	0	
KIT_25333_256	KIT FILTRE AIR RENAULT 400/440 5010230841-5010317187	0	
QR4560	FILTRE AIR VOLVO NL10 B12 1544449	0	
8PK2380HD	Courroie trapézoïdale à nervures -CF 75 -FAG	0	
MRM920	FL A AIR RVI 27.372.00C300-G340TI-G320	0	
MZ106A	FL HUILE DAF/RVI/VOLVO A.M	0	
ATTACHE_CONTENEUR	MTF427-ATTACHE CONTENEUR PM	0	
20-B751-05	OPTIQUE --D CITR.BERLINGO TEPEE 2008---	0	
20-B752-05	OPTIQUE --G CITR.BERLINGO TEPEE 2008---	0	
FARE-4423	SUPPORT.MOT PALIO WEEKEND	0	
427803C	COUSSIN D'AIR VOLVO FH FM AR/GM METAL PISTON	0	
WSK.51.14	NEC VALVE PROTECTION SCANIA OEM 1431049	0	
MANPU941X	FILTRE A CARBURANT SCANIA PGRT SERIE 4	0	
KR9130	DIAPHRAGM PROFO T30 EKER	0	
427804C	COUSSIN D'AIR VOLVO FH FM AR/PM METAL PISTON	0	
SMP_094.135-01	VALVE RELAI FRHF 520	0	
F00MA45253	REGULETEUR 5 FICH BOSCH	0	
11.4010.00	COUVER POMPE A EAU MAN TGA/TGS/TGX PL	0	
11.1030.00	COUVER POMPE A EAU VOLVO/RENAULT	0	
11.2010.00	COUVER POMPE A EAU SCANIA LONG	0	
11.2030.00	COUVER POMPE A EAU SCANIA COURT	0	
11.1020.00	COUVER POMPE A EAU VOLVO/RENAULT	0	
12.5101.00	POMPE A EAU DAF CF/XF EURO6	0	
12.5010.00	POMPE A EAU DAF CF/XF EURO5 PACCAR	0	
12.7060.00	POMPE A EAU IVECO STRALIS/TRAKKER	0	
12.4120.00	POMPE A EAU MAN TGA/TGS/TGX PL	0	
12.4100.00	POMPE A EAU MAN TGA 360	0	
12.6111.00	POMPE A EAU RENAULT 180/ 210/ 220/ 230	0	
12.2060.00	POMPE A EAU SCANIA 360 COURT	0	
12.2030.00	POMPE A EAU SCANIA 360 LONG	0	
12.2070.00	POMPE A EAU SCANIA 380	0	
12.1020.00	POMPE A EAU VOLVO/RENAULT	0	
78928	LEVIER DE CAME MAN TGA LH AV	0	
SP_43.110.01	SP_43.110.01 VENTEUZE AVEC AMORTISSEUR SUSPENSION SCANIA 400 AR 18	0	
WAB_4329012452	WAB_4329012452 CARTOUCHE DE DESCICATEUR RVI M39X1.5 GAUCHE	0	
628601	BALAI IVECO/VOVLO FL/RENAULT 600+Rampe	0	
78929	LEVIER DE CAME MAN TGA LH AV	0	
78930	LEVIER DE CAME MAN TGA LH AR	0	
78931	LEVIER DE CAME MAN TGA RH AR	0	
78192	LEVIER DE CAME SCANIA 8634	0	
78193	LEVIER DE CAME SCANIA 8635	0	
71410	LEVIER DE CAME SCANIA 2833	0	
71411	LEVIER DE CAME SCANIA 2834	0	
71412	LEVER DE CAME SCANIA 2831	0	
71413	LEVIER DE CAME SCANIA 2829	0	
71414	LEVIER DE CAME SCANIA 2830	0	
78044	LEVIER DE CAME RENAULT 8860	0	
78045	LEVIER DE CAME RENAULT 8861	0	
78054	LEVIER DE CAME RENAUL AR LH 0027	0	
78055	LEVIER DE CAME RENAUL AR RH 0028	0	
71289	LEVIER DE CAME DAF CF/XF AR RH	0	
71288	LEVIER DE CAME DAF CF/XF AR LH	0	
71273	LEVIER DE CAME DAF CF/XF AV LH	0	
71274	LEVIER DE CAME DAF CF/XF AV RH	0	
428028	GOUJON FUW A 99	0	
410398	JOINT MAIN D ACCOPLEMENT	0	
100247	JOINT POMPE D'INJECTION SCANIA 4-SERIES OEM 1	0	
765311026	MANO D'HUILE RVI PREMIUM KERAX MIDLUM OEM	0	
71294	LEVIER DE CAME DAF XF AR LH	0	
71295	LEVER DE CAME DAF XF AR RH	0	
78769	LEVIER DE CAME BPW/ROR/SMB	0	
78771	LEVIER DE CAME FRUEHAUF	0	
G960	LEVIER DE CAME SCANIA MANUEL LH/RH	0	
G980	LEVIER DE CAME SCANIA MANUEL LH	0	
G981	LEVIER DE CAME SCANIA MANUEL RH	0	
G850	LEVIER DE CAME VOLVO/DAF LH	0	
G851	LEVIER DE CAME VOLVO/DAF RH	0	
G4750	LEVIER DE CAME FRUEHAUF 37x14	0	
G1047	LEVIER DE CAME FUEHAUF 10x14	0	
GTK1.918	KIT ETRIE DE FREIN 69,20MM DAF/ SCANIA/SAF/MAN/SCHMITZ	0	
GTK1.921	KIT_ETRIE_FREIN 74,20 BPW/SAF/DAF/MAN/IVECO/SCANIA	0	
GTK1.957	KIT ETRIE DE FREIN DAF/SCANIA/MAN/IIVECO 36X114	0	
GTW3.771	KIT ETRIE DE FREIN MAN 38X118 38X78	0	
GTK1.969	KIT ETRIE BPW/IVECO/MAN 36X114/ 35MM	0	
GTM2.866	KIT ETRIE DE FREIN MAN/RENAULT/VOLVO 35X114	0	
GTK1.958	KIT ETRIE DE FREIN MERCEDES/SCANIA 36X136	0	
GTM2.879	KIT ETIE DE FREIN ROR 35X117 31X78	0	
GTM2.859	KIT ETRIE DE FREIN MAN/RENAULT/ROR 35X128	0	
GTM2.878	KIT ETRIE DE FREIN VOLVO/RENAULT/ROR	0	
GTK1.967	KIT ETRIE DE FREIN SCANIA/BPW 36X114 / 35MM SB7 SB6 SB5	0	
29227A	PLAQUETTE DE FREINS	0	
12133010NG	CABLE SV1V 3X1 mm² ING	0	
12134010NG	CABLE SV1V 4X1 mm² ING	0	
13101010BIN	CABLE H05VK(U300SV) 1 BLEU ING	0	
13101010VJIN	CABLE H05VK(U300SV) 1 JAUNE ING	0	
13101010NIN	CABLE H05VK(U300SV) 1 NOIR ING	0	
13101010RIN	CABLE H05VK(U300SV) 1 ROUGE ING	0	
MANWK1060_3X	FILTRE A CARBURANT DAF/MAN/MERCEDES/SCANIA/VOLVO/CLASS	0	
AH_M010338_RESS	MTF518-DSK ARRET D HUILE RESS 13T	0	
AH_RESS__16T	MTF518-DSK ARRET D HUILE RESS 16T	0	
SP_078.310-01	SP 078.310-01 VENTEUZE AVEC AMORTISSEUR SUSPENSION VOLVO FH16 FM16 A	0	
732424	VASE MAN AR T2424	0	
SP_030.363	SP 030.363 SUPPORT LEVIER DE VITESSE VOVLO	0	
SP_030.326	SP 030.326 SILENT BLOC DE SERRURE DE CABINE VOVLO FH12 FM12	0	
U0221L	FEU AR 5 CHAMBRES	0	
4914262	PINCE BATTEERIE 200A ROUGE 35MM	0	
4914264	PINCE BATTEERIE 200A NOIR 35MM	0	
4914312	PINCE BATTEERIE 500A ROUGE 50MM	0	
4914313	PINCE BATTEERIE 500A NOIR 50MM	0	
M_621268	FEU LATERAL VOVLO FM-RVI-DAF	0	
M_621625	FEU AV.D.VOVLO F10-12-16APL	0	
M_621626	FEU AV.G.VOVLO F10-12-16APL	0	
M_621627	FEU SIGNAL D VOVLO FH II-FMP II	0	
M_621628	FEU SIGNAL G VOVLO FH II-FMP II	0	
M_621631	FEU AV .G. VOLVO NL10-NL12	0	
M_621640	FEU POSITION VOVLO FH/FM	0	
M_631651	OPTIQUE D VOLVO FH III	0	
AS30-200-1	CATAPH TRIANGLE ROUGE (GM)	0	
DM990135	BAVETTE 2 PCS (40X60)	0	
DM990140	BAVETTE 2 PCS PLASTIC (36X64)	0	
E4705FQ1-FK	PRISE ELECTRIC A/ABS	0	
5113L	PHARRE SECOURD RECTANGULAIRE 24V	0	
DM990136	BAVETTE 1 PC PLASTIC (35X240)	0	
DM990137	BAVETTE 1 PC CAOUATCHOU (35X240)	0	
3353LAB	FEU SIGNAL/AVEC FICHE VOLVO FH12	0	
3353LS	FEU AV DR/G BLANC/JAUNE VOVLO FH	0	
3354LA	FEU AV.A/DOUILLE	0	
505613	OPTIQUE.VOVLO F10-F12-F16	0	
EN3815FK	FICHE FEMELLE CAR BUS-REMORQUE	0	
SP020606	CONNECTEUR SIMPLE ø 6/6 POID LOURD S	0	
SP020808	CONNECTEUR SIMPLE ø 8/8 POID LOURD S	0	
SP090806	CONNECTEUR SIMPLE ø 8/6 POID LOURD S	0	
FJ-002_ACSX	CHARBON DEM MIT FK	0	
FJ-342	CHARBON ALT MIT CANTER -L200	0	
FJ-343_ACX	CHARBON ALT MIT CANTER NM-L200	0	
FJ-347_ACX	CHARBON ALT MIT CANTER NM-L200	0	
ME701400	CHARBON ALT MIT FIGHTER	0	
0.1909.1_JA-AX	CHARB ALT MIT JAPAN JA-AX 31 MIT FK	0	
0.1973.1_JA-SX	CHARB DEM JAPAN JA-SX71 MIT FK FJ2	0	
RUBIAF	RUBIA FLEET HD 300 15W40 5L	0	
QR4641M	FILTER AIR VOVLO F10 F12 AM 1544428	0	
QR2942	FILTER AIR VOVLO F10 F12 MN1080918	0	
906011	MANETTE 8X4	0	
906010	MANETTE BENNE	0	
463_22_011	GARDE BOUE SCANIA CENTRAL	0	
63160	BOUTON KLAXON 11MM	0	
COR-6000.ZZ	RLMENT 6000.ZZ 10x26x8	0	
COR-6002.ZZ	RLMENT 6002.ZZ 15x32x9	0	
COR-6003.ZZ	RLMENT 6003.ZZ 17x35x10	0	
COR-6004.ZZ	RLMENT 6004.ZZ 20x42x12	0	
COR-6005.ZZ	RLMENT 6005.ZZ 25x47x12	0	
COR-6006.ZZ	RLMENT 6006.ZZ 30x55x13	0	
COR-6008.2RS	RLMENT 6008.2RS 68x15x40	0	
COR-6009.ZZ	RLMENT 6009.ZZ 75x16x45	0	
COR-6200.ZZ	RLMENT 6200.ZZ KML 10x30x9	0	
COR-6204.ZZ	RLMENT 6204.ZZ 20x47x14	0	
COR-6207.ZZ	RLMENT 6207.ZZ 35x72x17	0	
SE040	ANTI VOL BOUCHON RESERVOIRE 004	0	
17643	LAMPES P21W 24V 21W BA15S	0	
17181	LAMPE GRAISSEUR 24V 5W	0	
17136	LAMPE 24V5W NAVETTE 11+35	0	
48881	LAMPE H412V 60/55W 43T BLANCHE	0	
48901	LAMPE H412V 100/90W 43T BLANCHE	0	
48904	LAMPE HB12V 100/90W 45T BLANCHE	0	
48350	LAMPE H1 12V 100W	0	
48351	LAMPE H3 12V 100W	0	
MANW11102_36	FILTRE A HUILEEQ W11102/4 VOVLO FH	0	
MANH601_4	FILTRE A HUILE BMW/MERCEDES/DAF/MAN/RVI	0	
MANWDK11102_28	FILTRE A CARBURANT RVI MAGNUM-PREMUIM/VOVLO FM/FMX-FH	0	
MANHU1077_2X	FILTRE A HUILE SCANIA PGRTS/INTERLINK/CITYWIDEK-SERIES	0	
4324102227	FILTRE SECHEUR STD WABCO	0	
COR-6208.ZZ	RLMENT 6208.ZZ 80x18x40	0	
COR-6210.ZZ	RLMENT 6210.ZZ 90x20x50	0	
COR-6211.ZZ	RLMENT 6211.ZZ 100x21x55180	0	
COR-6300.ZZ	RLMENT 6300.ZZ 35x11x10	0	
COR-6304.ZZ	RLMENT 6304.ZZ 20x52x15	0	
COR-6306.ZZ	RLMENT 6306.ZZ 72x19x30	0	
COR-6308.ZZ	RLMENT 6308.ZZ 90x23x40	0	
6309ZZ	RLMENT 6309.ZZ 45x100x25	0	
MANHU12103X	FILTRE A HUILE DAF XF105/MERCEDES	0	
MANPU911	FILTRE A CARBURANT MAN F2000/ASTRA/FENDT	0	
MANWK1070X	FILTRE A CARBURANT IVECO/VOLVO/MERCEDES/FENDT	0	
29175A	PLAQUETTES DE FREINS PL	0	
FS63002	KIT CAME FUWA	0	
TR0250	JOINT CHAPEAU DE MOYEN FUWA	0	
48702	LAMPES H1 24V 70W	0	
17925	LAMPE P21/5W 24V21/5W BAY15D	0	
48892	LAMPE H4 24V 75/70W 43T BLANCHE	0	
17109	LAMPE 24V 3W SANS CULOT	0	
48884	LAMPE H412V 60/55W 43T BLANCHE	0	
FT-140FL-LED	FEU POSITION LED LONG G ROUGE	0	
FT-140FP-LED	FEU POSITION LED LONG D ROUGE	0	
GJ_52472_53319FT	MTF 802-GOUJON DAF -LONG 117/105	0	
VAD_103002	MPT1 EN.0023 Douille, Chemise de Cylindre VOVLO	0	
29274A	PLAQUETTE DE FREINS	0	
VAD_103003	MPT1 EN.0023 Douille, Chemise de Cylindre VOVLO	0	
SP_080.708	SP 080.708 KIT AXE DE FUSSE RENAULT	0	
YA_3003	FILTRE A AIR MIT CANTER FE5-FE6 96-2001	0	
131110000000	FEUX AR SANS FEUX DE PLAQ	0	
505617	OPTIQUE D VOLVO NL 10	0	
505618	OPTIQUE G VOLVO NL 10	0	
505706	OPTIQUE D RENAULT PREIUM	0	
505707	OPTIQUE G RENAULT PREIUM	0	
TR-502-19	FEU TOURNANT LED 12-24V ORANGE A/AII	0	
TR-502J-24V	FEU TOURNANT 24V JAUNE	0	
TR-503J-8	FEU TOURNANTORANGE LED A/AII 12V/24V	0	
1309_42000000	PLAQUE LUMINEUZE 570X200	0	
1309_52000000	PLAQUE LUMINEUZE 570X140	0	
131270100100	FEU AR G R/J/ROUGE	0	
131450000000	FEUX D R/J/K-ECL PL LATER	0	
SP_044.097	SP 044.097 SWITCH CONTROLE DE DIRECTION SCANIA	0	
5122	DALTON SIRUS EP 90 5L 4CX5L	0	
13182010105100	FEUX DE POSITION LED ORANGE 24V	0	
131825000124	FEUX DE POSITION ORANGE 24V	0	
C7.31110000010	CABOCHON ROUGE-JAUNE	0	
C7.31210000010	CABOCHON D J-R-BL	0	
C7.31270100110	CABOCHON R/J/ROUGE	0	
IT_84_24V	CENTRAL CLIGNOTANTE	0	
11930	CHARBON BOSCH BSX 194-195-MERCEDES 712C	0	
4679	KIT BAGUE BOSCH VOLVO MAN SCANIA	0	
1200080100	KIT COMPRESSEUR MAN F2000/F90 420 AM	0	
180584	INVERSSEUR R135A	0	
ATL-140-5L	HUILE SAE 140 API GL5 (4X5L)	0	
EM0030C	CABOUCHON AR 6 CHAMBRES	0	
COR-6203.ZZ	RLM 6203.ZZ 17X40X12	0	
DOT3_450_G	LIQUIDE DE FREIN DOT3 450 G= 4830	0	
R476.0054	AMOURTISSEURCALENDRE MAN 785mm 320N	0	
R375.0150	BAGUE STABILISATRICE SCANIA 20,5x58x30	0	
FILH-HC5708	FILTRE A HUILE W11102/36 51791 P553191 OC121 LF17505	0	
MANPU1058X	FILTRE A CARBURANT VOLVO/FENDT/RVI	0	
830864549	BOUCHON RESRVOIRE 80MM MIDLUM OEM 50018	0	
73012	ELECTROVANE MONTAGE BOSCH 12V	0	
M_680049	CONNECTEUR 7 FICHES STD	0	
PMFM15	BATTERIE PMFM15 165 AH	0	
MFL5	GBATTERIE MFL5 100AH	0	
R297.2091	BARRE BOIT VITESSE SCANIA	0	
48700	LAMPES H3 24V 70W PK22S	0	
17040	LAMPES 24V 1.2W MIGNONETTE	0	
GAL06	GRAISSE BARDAHL EST AGNON DE 4KG N°3 G.A.P	0	
602029	K9 LUBRIFIANT MULTI USAGE 400ML	0	
0213LR	FEU SIGNAL D SCANIA	0	
73010	ELECTROVANE MONTAGE CAV 12V	0	
73011	ELECTROVANE MONTAGE CAV 24V	0	
73013	ELECTROVANE MONTAGE BOSCH 24V	0	
MANPU966_2X	FILTRE A CARBURANT DAF XF-CF	0	
ART01219	CHAPEAU DE MOYEU(SANA Joint 04-1050)	0	
4_10	PAPIER A JOINT 0.4mm	0	
1987947662	13x1175 COURROIE COSCH	0	
1987302866	LAMPES 24V	0	
2447222126	POMPE A MAIN D'ARMORCAGE GAZOIL STD	0	
1987947614	10x1025 COURROIE BOSCH	0	
SP-030.271-01	SP-030.271-01 VENTEUZE AVEC AMORTISSEUR SUSENSION VOLVO FH12 ARRIER	0	
0020_SS.GM	SNAPON SIMPLE GM REF .080	0	
R181.0006	BOUCHON VASE D'EXPANSSION VOLVO FH/FM	0	
R375.0025	CACHE BALANCIER VOLVO/RENAULT	0	
R440.0038	CAPTEUR DE PRESSION D'HUIL STD	0	
R440.0135	CAPTEUR VASE D'EXPANSSION VOLVO	0	
R463.0033	CENTURE GARD BOUE SCANIA	0	
R461.0070	CENTURE GARD BOUE VOLVO	0	
R469.0036	CHAPPE AMOURTISSEUR CABINE SCANIA PM	0	
R297.0061	CHAPPE BOIT VITESSE VOLVO B7/N10/NL10/B10	0	
R252.0112	CHAPPE CABLE VITESSE RENAULT PRMIUM/KERAX/MAGNUM	0	
R297.0318	CHAPPE LEVIER DE VITESSE M12 LH	0	
R297.0319	CHAPPE LEVIER DE VITESSE M12 RH	0	
R297.1453	CHAPPE LEVIER VITESSE SCANIA 360/380P LH	0	
R297.1452	CHAPPE LEVIER VITESSE SCANIA 360/380P RH	0	
R339.0609	CLAPIE DE GAZOIL MAN	0	
R180.0044	CLAPIE DE GAZOIL SCANIA	0	
R180.0031	CLAPIE DE GAZOIL VOLVO/RENAULT	0	
R438.0010	COMODO DE SIGNAL MAN TGA	0	
R438.0031	COMODO DE SIGNAL RENAULT	0	
R150.0096	COULIE D'ECHAPPEMENT SCANIA 4 SERIE	0	
R106.0145	COULIE D'ECHAPPEMENT VOLVO FH/FM	0	
E_1720	COUSSIN D'AIR AV/AR MAN/MB/VOLVO	0	
ED_14159-KP	COUSSIN D'AIR FRUEHAUF/ROR/SMB PLASTIQUE PISTON	0	
ED_14882-K	COUSSIN D'AIR MAN AR METAL PISTON	0	
E_11885	COUSSIN D'AIR MAN/MB/IVECO	0	
ED_14912-01	COUSSIN D'AIR RENAULT AR METAL PISTON	0	
RD_14022-KP05	COUSSIN D'AIR SAF/ROR PLASTIC PISTON	0	
ED_163608-01	COUSSIN D'AIR SCANIA 380 AR	0	
ED_14913	COUSSIN D'AIR SCANIA 360 AR	0	
ED_16418-K	COUSSIN D'AIR VOLVO FH AV/AR METAL PISTON	0	
ED_17803	COUSSIN D'AIR VOLVO FH/FM AR	0	
ED_17804	COUSSIN D'AIR VOLVO FH/FM AV	0	
R375.0189	COUSSINET DE PALIER STABILISATRICE MAN 60x77x58	0	
R120.0232	COUVER FILTRE A GAZOIL SCANIA 360/380	0	
R469.0107	CROCHET DE CABINE MAN F2000/420	0	
R469.0108	CROCHET DE CABINE MAN TGA/TGS/TGX	0	
R285.0125	CROISILLION CARDAN MAN/DAF/IVECO 57x144	0	
R347.0011	DIAPHRAGME TYPE 16 COURT	0	
R347.0007	DIAPHRAGME TYPE 16 LONG	0	
R347.0008	DIAPHRAGME TYPE 20 LONG	0	
R347.0004	DIAPHRAGME TYPE 24 COURT	0	
R347.0001	DIAPHRAGME TYPE 24 LONG	0	
R347.0009	DIAPHRAGME TYPE 30 LONG	0	
R149.0241	DURITE INTERCOLER 80X325 PREMIUM 300-340 KERAX	0	
R441.0585	FICHE ELECTRIC PLASTIC	0	
R106.0149	FLEXIBLE D'ECHAPPEMENT VOLVO 128x132x370	0	
R115.0872	JOINT D'ECHAPPEMENT VOLVO	0	
R441.0524	JEU DE CABLE DE PROJECTEUR PRINCIPAL SCANIA	0	
R115.0873	JOINT D'ECHAPPEMENT DAF CF/XF	0	
R115.0502	JOINT D'ECHAPPEMENT DAF XF	0	
R115.0082	JOINT D'ECHAPPEMENT SCANIA	0	
R115.0072	JOINT D'ECHAPPEMENT VOLVO FH/FM/B12	0	
R115.0053	JOINT D'ECHAPPEMENT VOLVO FH/FM/B13	0	
R115.0100	JOINT D'ECHPPEMENT SCANIA	0	
R115.0692	JOINT D'ETANCHEITE CULASSE VOLVO F10/N10	0	
R115.0605	JOINT POMPE D'INJECTION VOLVO/RENAULT	0	
R115.0724	JOINT REFOIDISSEUR D'HUIL	0	
R115.0711	JOINT REFROIDISSEUR D'HUIL SCANIA P380	0	
R115.0750	JOINT THERMOSTAT SCANIA	0	
R115.0751	JOINT THERMOSTAT SCANIA	0	
R111.0030	KIT BOUCHON CARTER D'HUIL SCANIA	0	
R211.0179	KIT FOURCHETTE D'EMBRAYAGE DAF CF/XF	0	
R211.0115	KIT FOURCHETTE D'EMBRAYAGE MAN	0	
R211.0076	KIT FOURCHETTE D'EMBRAYAGE SCANIA	0	
R372.0051	KIT SUPPORT GUIDAGE DAC CF/XF	0	
R147.0572	PIPE D'HUIL MAN TGA/TGS/TGX	0	
R147.0304	PIPE D'HUIL VOLVO FM	0	
R252.0043	POIGNET DE LEVIER DE VITESSE MAN TGA FILTAGE	0	
R252.0300	POIGNET DE LEVIER DE VITESSE MAN TGA/TGS/TGX	0	
R461.0260	POIGNET DE PORTE CABINE MAN TGA/TGS/TGX LH	0	
R461.0259	POIGNET DE PORTE CABINE MAN TGA/TGS/TGX RH	0	
R462.0016	POIGNET DE PORTE CABINE SCANIA LH	0	
R462.0014	POIGNET DE PORTE CABINE SCANIA RH	0	
R461.0932	POIGNET DE PORTE CABINE VOLVO/RENAULT LH	0	
R468.0163	POMPE CABINE VOLVO FH/FM	0	
R423.0013	POMPE DIRECTION MAN LH	0	
R423.0057	POMPE DIRECTION MAN RH	0	
R116.0151	POULIE DE TENDEUR DAF CF/XF/SB	0	
R116.0062	POULIE DE TENDEUR MAN TGA 26x35x37	0	
R105.0047	REFROIDISSEUR D'HUIL DAF CF/XF	0	
R105.0020	REFROIDISSEUR D'HUIL MAN TGA/TGS/TGX	0	
R105.0018	REFROIDISSEUR D'HUIL SCANIA	0	
R342.0010	REFROIDISSEUR D'HUIL VOLVO/RENAULT	0	
R402.0186	ROULEMENT BALANCIER MAN	0	
R321.0069	ROULEMENT MOY AR MAN	0	
R469.0239	SILENT BLOC CABINE DAF XF95 CF75/85 20X62X70	0	
R469.0096	SILENT BLOC CABINE MAN TGA 16x53x58	0	
R400.0274	SILENT BLOC LAME RESSORT DAF AR 24x106x63	0	
R400.0132	SILENT BLOC LAME RESSORT MAN TGA/TGS/TGX/F2000 95x24x65	0	
R400.0302	SILENT BLOC LAME RESSORT MERCEDES ACTROS 96x24x62	0	
R400.0089	SILENT BLOC LAME RESSORT SCANIA AR 122x30x65	0	
R375.0035	SUPPORT BARRE STABILISATRICE VOLVO/RENAULT	0	
R461.0171	SUPPORT BARRILLET DE PORTE CABINE SCANIA	0	
R470.0010	SUPPORT BOIT VITESSE VOLVO FH/FM	0	
R375.0145	SUPPORT CABINE SCANIA 4SERIE	0	
R375.0144	SUPPORT CABINE SCANIA 4SERIE	0	
R286.0027	SUPPORT CARDAN MAN 65mm	0	
R120.0404	SUPPORT FILTER A GAZOIL MERCEDES/IVECO	0	
R109.0009	SUPPORT MOTEUR MOTEUR VOLVO FH/FM AV	0	
R141.0006	SUPPORT RADIATEUR MAN	0	
R141.0016	SUPPORT RADIATEUR MAN TGA LH	0	
R141.0017	SUPPORT RADIATEUR MAN TGA RH	0	
R142.0018	SUPPORT RADIATEUR SCANIA LH	0	
R142.0019	SUPPORT RADIATEUR SCANIA RH	0	
R399.0043	SUPPORT RESSORT	0	
R116.0026	TENDEUR DE COURROIE VOLVO F10	0	
R142.0068	VASE D'EXPANSSION MERCEDES ACTROS	0	
R142.0145	VASE D'EXPANSSION VOLVO/RENAULT	0	
ZEP0010854	BAGUE ABS MERCEDES ACTROS 154x175/197x16	0	
ZEP0010853	BAGUE ABS MERCEDES ACTROS/AXOR 140x170/178x14	0	
ZEP0010849	BAGUE ABS SAF 116x151 / 160x19	0	
ZEP0009941	CLAPIE DE GAZOIL SCANIA	0	
ZEP0009931	CLAPLIE DE GAZOIL VOLVO/RENAULT	0	
ZEP0001623	COMPRESSEUR RENAULT G/R	0	
ZEP0001582	COMPRESSEUR SCANIA R 400/500	0	
ZEP0001535	COMPRESSEUR VOLVO FH/FM 1P	0	
ZEP0004106	CULASSE COMPRESSEUR IVECO STRALIS	0	
ZEP0003560	CULASSE COMPRESSEUR MAN AUTOCAR	0	
ZEP0002215	CULASSE COMPRESSEUR MAN TGA	0	
ZEP0001853	CULASSE COMPRESSEUR MAN TGA	0	
ZEP0001779	CULASSE COMPRESSEUR MERCEDES ACTROS	0	
ZEP0002025	CULASSE COMPRESSEUR RENAULT 160	0	
ZEP0002810	CULASSE COMPRESSEUR RENAULT G/R	0	
ZEP0002625	CULASSE COMPRESSEUR SCANIA	0	
ZEP0002438	CULASSE COMPRESSEUR VOLVO B7 / RENAULT	0	
ZEP0002481	CULASSE COMPRESSEUR VOLVO F10	0	
ZEP0003615	CULASSE COMPRESSEUR VOLVO FH/FM	0	
ZEP0002540	CULASSE COMPRESSEUR VOLVO FH12/FM12	0	
ZEP0002454	CULASSE COMPRESSEUR VOLVO NL10	0	
ZEP0001878	CYLINDRE COMPRESSEUR MAN	0	
ZEP0005174	DECLENCHEUR STD METAL	0	
ZEP0005176	DECLENCHEUR STD PL	0	
ZEP0010498	DESSICATEUR COMPLET IVECO STRALIS	0	
ZEP0003760	ELECROVANNE SCANIA	0	
ZEP0002703	KIT COMPRESSEUR DAF CF/XF AVEC PLAQUE	0	
ZEP0002717	KIT COMPRESSEUR DAF PACCAR AVEC PLAQUE	0	
ZEP0002498	KIT COMPRESSEUR RENAULT PREMIUM AVEC PLAQUE	0	
ZEP0000127	KIT POMPE A EAU MAN	0	
ZEP0009848	KIT POMPE A EAU VOLVO/RENAULT	0	
ZEP0010700	KIT REPARATION DE VALVE 4 CIRCUIT DE PROTECTION	0	
ZEP0010622	KIT REPARATION DE VALVE REGLAGE DE LA PRESSION	0	
ZEP0009957	PIPE POMPE A EAU VOLVO/RENAULT	0	
ZEP0003351	Ø75,00mm (+0,50), Piston et Segment,	0	
ZEP0003319	Ø78,00mm (+0,50), Piston et Segment	0	
ZEP0003355	Ø85,00mm (0,50), Piston et Segment	0	
ZEP0003291	Ø86,00mm (+0,50), Piston et Segment	0	
ZEP0003388	PISTON COMPRESSEUR 90,50	0	
ZEP0002800	PLAQUE COMPRESSEUR RENAULT KERAX	0	
ZEP0002631	PLAQUE COMPRESSEUR SCANIA 380	0	
ZEP0001296	POMPE D'EMBRAYAGE MERCEDES ACTROS	0	
ZEP0001328	POMPE D'EMBRAYAGE MERCEDES AXOR/ATEGO	0	
ZEP0003266	SEGEMENT COMPRESSEUR 78,50 2,50x2,50x4,00	0	
ZEP0003226	SEGEMENT COMPRESSEUR 85,50 2,00x2,00x4,00	0	
ZEP0003242	SEGEMENT COMPRESSEUR 86,50 2,00x2,00x3,00	0	
ZEP0003234	SEGEMENT COMPRESSEUR 90,90 2,50x2,50x4,00	0	
ZEP0002807	SEGEMENT COMPRESSEUR Ø78,00mm(STD)2,50x2,50x4,00	0	
ZEP0001965	SEGEMENT COMPRESSEUR Ø85mm(STD)2,00x2,00x4,00	0	
ZEP0002004	SEGEMENT COMPRESSEUR Ø86mm(STD)2,00x2,00x3,00	0	
ZEP0001850	SEGEMENT COMPRESSEUR Ø90,00mm(STD)2,50x2,50x4,00	0	
ZEP0002022	SEGEMENT COMPRESSEUR Ø92,00mm(STD)2,50x2,50x4,00	0	
ZEP0002036	SEGEMENT COMPRESSEURØ75mm(STD)2,00x2,00x4,00	0	
ZEP0002467	SEGEMENT COMPRESSEURØ75mm(STD)2,38x2,38x3,94	0	
ZEP0001934	SEGEMENT COMPRESSEURØ88,00mm(STD)2,50x2,50x4,00	0	
ZEP0001159	SERVEAU D'EMBRAYAGE DAF CF/XF	0	
ZEP0001009	SERVEAU D'EMBRAYAGE MAN F2000/420	0	
ZEP0009878	TUBE COMPRESSEUR MAN	0	
ZEP0009879	TUBE COMPRESSEUR MAN	0	
ZEP0009881	TUBE COMPRESSEUR MAN	0	
ZEP0009882	TUBE COMPRESSEUR MAN	0	
ZEP0005180	VALVE 4 CIRCUIT DE PROTECTION MAN	0	
ZEP0005181	VALVE 4 CIRCUIT DE PROTECTION VOLVO FH/FM 7R	0	
ZEP0003757	VALVE BOIT VITESSE SCANIA 360/380	0	
ZEP0011731	VALVE BOIT VITESSE VOLVO/RENAULT	0	
ZEP0005178	VALVE DE SUSPENSSION MAN/DAF/RENAULT/IVECO	0	
ZEP0010670	VALVE LIMITATION DE PRESSION STD	0	
ZEP0010797	VALVE PEDAL DE FREIN DAF/MERCEDES	0	
ZEP0007433	VALVE RELAIS MAN/DAF/MERCEDES	0	
ZEP0007432	VALVE RELAIS SCANIA	0	
ZEP0007418	VALVE RELAIS STD M22	0	
ZEP0007417	VALVE RELAS STD	0	
805-824	BAGUE ABS DAF CF/XF MOUYEU AR 162x212x18	0	
492-494	AMOURTISSEUR CALENDRE SCANIA 140mm/120N	0	
610-765	ARRET D'HUIL MOYEU VOLVO AR 168x192x188x30	0	
442-300	BAGUE ABS SCANIA 126x170x8.5	0	
375-382	BAGUE ABS SCANIA AV 125x165x8.6	0	
228-432	BAGUE ABS VOLVO AV 131.7x146x12.70	0	
336-529	BARRILET DE PORTE CABINE DAF CF/XF	0	
641-6097	BARRILET DE PORTE CABINE MAN TGA	0	
481-301	BOUCHON RESERVOIRE SCANIA	0	
392-751	BOUCHON RESERVOIRE VOLVO FH/RVI440	0	
185-8133	CABLE DE PORTE CABINE RENAULT PREMIUM/KERAX GM	0	
183-6273	CABLE DE PORTE CABINE RENAULT PREMIUM/KERAX PM	0	
655-6249	CABLE VITESSE MAN GRIS	0	
784-590	CAPTEUR DE VITESSE 400 mm	0	
504-929	CAPTEUR DE VITESSE 920 mm	0	
522-0167	CEINTUR GARD ROUE MERCEDES ACTROS/AXOR	0	
340-450	CEINTURE GARD ROUE DAF / IVECO	0	
927-847	CEINTURE GARD ROUE DAF EURO 6	0	
299-7670	CEINTURE GARD ROUE IVECO	0	
440-0192	CEINTURE GARD ROUE MAN TGA/TGS/TGX	0	
109-4457	CEINTURE GARD ROUE VOLVO/RENAULT	0	
295-301	CHAMBRE D'INJECTION RENAULT PREMIUM/KERAX	0	
104-134	CHAMBRE D'INJECTION VOLVO FH/FM	0	
252-0643	CONTRE BUTTE D'EMBRAYAGE 3DENT	0	
300-6002	CONTRE BUTTE D'EMBRAYAGE 6DENT	0	
506-7002	COUPE COURANT STD	0	
243-844	COUPE COURANT VOLVO/RENAULT	0	
407-702	COUVER FILTRE A GAZOIL SCANIA	0	
366-764	DOUILLE MECANISME DE VITRE SCANIA	0	
346-119	DOUILLE MECANISME DE VITRE SCANIA	0	
457-276	ELECTROVANNE DAF	0	
210-0058	FLEXIBLE D'ECHAPEMENT MAN TGA 100x373	0	
746-135	JOINT REFROIDISSEUR D'HUIL SCANIA	0	
840-780	JOINT REFROIDISSEUR MERCEDES ACTROS	0	
309-5043	KIT D'ARRET D'HUIL MOYEU VOLVO FH/FM 125x148	0	
746-135S	KIT DE JOINT REFROIDISSEUR SCANIA	0	
479-872S	KIT DE JOINT REFROIDISSEUR SCANIA	0	
316-1219	PIPE POMPE A EAU VOLVO RENAULT	0	
452-619	POIGNET DE LEVIER DE VITESSE RENAULT PREMIUM/KERAX	0	
488-052	POIGNET DE LEVIER DE VITESSE VOLVO FH/FM	0	
488-058	POIGNET DE LEVIER VITESSE VOLVO FH12/F12/F10/NL	0	
316-868	POMPE A CARBURANT IVECO	0	
106-7551	POMPE A CARBURANT VOLVO/RENAULT	0	
485-6033	POMPE D'ESSUIE-GLACE MAN/SCANIA/MERCEDES	0	
409-793	POMPE D'ESSUIE-GLACE VOLVO FH/FM	0	
276-022	POMPE D'ESSUIE-GLASSE RENAULT 440	0	
121-1223	POMPE DIRECTION IVECO EUROTRAKKER/STRALIS	0	
710-16090	OMPE DIRECTION MAN TGA/TGS/TGX LH	0	
710-19137	POMPE DIRECTION MAN TGA/TGS/TGX RH	0	
105-0015	POULIE D'ALTERNATEUR MAN 40X 77 X 31	0	
318-393	POULIE DE TENDEUR IVECO	0	
800-7485	POULIE DE TENDEUR MAN TGA ø26xø35x37	0	
860-734	POULIE DE TENDEUR SCANIA 380	0	
086-970	POULIE DE TENDEUR VOLVO/RENAULT	0	
1753-149	POULIE DE TENDEUR VOLVO/RENAULT NV MODEL	0	
780-140	REFROIDISSEUR D'HUIL DAF CF/XF PACCARD	0	
333-183	REFROIDISSEUR D'HUIL SCANIA 360	0	
157-762	SILENT BLOC CABINE SCANIA 90x16x70	0	
316-9800	SILENT BLOC LAME RESSORT BPW-ROR 30x60x72	0	
722-0087	SILENT BLOC LAME RESSORT MAN TGA 24x65x100	0	
205-27057	SUPPORT BARRE STABILISATRICE VOLVO/RENAULT	0	
923-654	SUPPORT CABINE SACANIA	0	
102-3287	SUPPORT FILTER GAZOIL VOLVO/RENAULT	0	
750-515	SUPPORT MOTEUR RENAULT AV	0	
499-469	SUPPORT MOTEUR VOLVO/RENAULT AR	0	
650-307	SUPPORT VENTULATEUR DAF CF/XF	0	
752-919	SWITCH DE COMMANDE DE VITRE VOLVO FH/FM RH	0	
200-097	SWITCH DE COMMANDE MERCEDES ACTROS	0	
942-844	SWITCH DE COMMANDE VOLVO FH/FM	0	
806-7109	SWITCH DECOMMANDE MAN TGA/TGS/TGX	0	
797-971	SWITCH REGLAGE DE DIRECTION SCANIA	0	
407-2744	TENDEUR DE COURROIE IVECO STRALIS/TRAKKER	0	
200-1870	TENDEUR DE COURROIE MAN TGA 410	0	
200-1070	TENDEUR DE COURROIE MERCEDES ACTROS	0	
859-653	TENDEUR DE COURROIE SCANIA 380P	0	
487-079	TENDEUR DE COURROIE VOLVO FH/FM	0	
153-968	TENDEUR DE COURROIE VOLVO FH/FM	0	
123-7215	THERMOSTAT VOLVO/RENAULT 82°C	0	
386-423	TIGE SUSPENSSION CABINE SCANIA GM	0	
386-424	TIGE SUSPENSSION CABINE SCANIA MM	0	
372-510	TIGE SUSPENSSION CABINE SCANIA PM	0	
342-652	TUYEAU D'EAU SCANIA	0	
374-723	VALVE BOIT VITESSE STD	0	
588-769	VALVE CHARGE RAPIDE M16	0	
292-544	VALVE CHARGE RAPIDE M22	0	
748-450	VALVE DE REGLAGE DE SIEGE	0	
578-532	VASE D'EAU D'ESSUIE GLASSE	0	
121-5631	VASE D'EXPANSSION IVECO	0	
676-400	VASE D'EXPANSSION VOLVO FH/B9/B10/B12	0	
674-918	VASE D'EXPANSSION VOLVO FH/FM	0	
481-245	CAOUTCHOUC SUPPORT CABINE SCANIA 360	0	
M_611260	FEUX AR RVI -PREMIUM II - MAGNUM -KER	0	
M_611261	FEUX AR RVI PREMIUM II MAGNUM KER	0	
M_611617	FEUX ARFR II -FM II 08 G	0	
M_611618	FEUX ARFR II -FM II 08 D	0	
M_621658	FEUX AV FH IV / FM IV 13 G Chromé	0	
C11577	VERRE DE PHARE ACTROS MP II 04 G	0	
C11576	VERRE DE PHARE ACTROS MP II 04 D	0	
C11602	VERRE DE PHARE ACTROS MP III 12 G	0	
ATL-140-2L	HUILE SAE 140 API GL5 (12x2L)	0	
131075000000	FEUX DE PLAQUE NOIR	0	
131075000200	FEUX DE PLAQUE ROUGE	0	
1011658	ARBE BOSCH DAF CF85-SCANIA S4-P310	0	
878	RELAIS BOSCH STD PG-GOLF	0	
MANWK1080_7X	FILTRE A CARBURANT FORD/MERCEDES	0	
MANP919_7	FILTRE HYDRAULIQUE DIRECTION DAF/MAN/MERCEDES/VOVLO/RVI/DEUTZ FA	0	
MANC271170_6	FILTRE A AIR EQ:C271250/4 DAF	0	
MANW11102_34	FILTRE A HUILE IVECO/VOLVO/RENAULT TRUCK	0	
MANPU999_1X	FILTRE A CARBURANT MERCEDES ACTROS MITSUBISHI	0	
MANWK940_33X	FILTRE A CARBURANT VOLVO/IVECO/RENAULT TRUCK	0	
F15W4020L	FF TRD SHPD 15W-40 20L 56101-20)	0	
MHD5020L	MIDAN HD50 20L	0	
ANTIBROU__860_G_DAF	MTF2044-PHARE ANTIBROUILLARD GAUCHE DAF XF 95/105	0	
ANTIBROU__861_D_DAF	MTF2045-PHARE ANTIBROUILLARD DROITE DAF XF 95/105	0	
SP_1840_0033	SP 1840 0033 AILE CENTRALE SCANIA ARRIERE PETIT MODEL	0	
ANTIBROU__1095_DG_1ER	MTF2344 PHARE SECOUR IVECO STRALIS 1 ER D/G	0	
FEU_POS_8125320611	MTF 2725FEUX DE POSITION MAN TGA ORANGE	0	
ANTIBROU__1096_DG_2ER	MTF2335 PHARE SECOUR IVECO STRALIS 2 ER D/G	0	
WAB_4324102227	WAB_4324102227 CARTOUCHE DE DESCICATEUR STD FILTRE	0	
WAB_432901262	CARTOUCHE DE DESICATEUR DAF M41X1.5	0	
0302LL61	FEU AR-G CRISTAL A/TRIANGLE UNIVERS	0	
0302RR61	FEU AR-D- CRISTAL A/TRIANGLE UNIVERS	0	
RUBIAX	RUBIA FLEET HD 300 15W40 20L	0	
1987947643	COURROIE BOSCH	0	
1987947665	13X1275 COURROIE BOSCH	0	
1986AE0105	REGULATEUR ALTERN SCANIA/MERCEDES	0	
SC0352LLUAC520	RLM ALT MIT FK 17x52x17	0	
FT-013z+k-LED	FEU GABARIT LED 12/12V JAUNE A/SUP	0	
FT-013z-LED	FEU GABARIT LED 12/12V JAUNE S/SUP	0	
FT-600L-LED_DI	FEU AR LED 6 UNIVERSEL 12V/24V GH DYNAMIQUE	0	
FT-600P-LED_DI	FEU AR 6 UNIVERSEL 12/24V DR DYNAMIQUE	0	
YFC-321	FILTRE A GAZOIL MIT L200-H1000- PAGERO	0	
YC-306	FILTRE A HUILE MIT L200-PAJERO1-2-3 MAZDA	0	
YA_3015s	FILTRE A AIR MIT L200 PAJERO A863	0	
YA_3-620109s	FILTRE A AIR MIT L200 COURT M620109	0	
FT-121-LED	FEU AR. LED CARRE UNIVERSEL 12v/24v	0	
MANH11006Z	FILTRE A HUILE VOLVO/RVI 08/2016	0	
MANC31014	FILTRE AIR SCANIA	0	
MANC19460_2	FITRE A AIR JOHNE DEERE SERIES 6000/CASE IH/FENDT	0	
MHD505L	MIDAN HD 50 5L API CF/SJ 4*5L	0	
MHD405L	MIDAN HD 40 5L API CF/SJ 4*5L	0	
MANWK11029Z	FILTRE A CARBURANT MAN TGS-TGX-TGM	0	
MANHU12140X	FILTRE A HUILE MERCEDES ACTROS	0	
R966	FILTRE R966	0	
390445	ROULEMENT 13T FRH 518445	0	
BRHS	BOUCHON RESERVOIR HYDRAULIQUE STD	0	
909090	VASE 742024 DISQUE	0	
131384000150	FEUX UNIV G A/F/POS LATERAL	0	
131384000250	FEUX UNIV D A/F/POS LATERAL	0	
C1.31380000110	CABOCHON G A/CAT TRIANGULAIRE	0	
C1.31380000210	CABOCHON D A/CAT TRIANGULAIRE	0	
505651	OPTIQUE D DODGE CHIRYSLER	0	
505652	OPTIQUE G DODGE CHIRYSLER	0	
505742	OPTIQUE D VOLVO FH 16 (VERSION) III (20	0	
505743	OPTIQUE G VOLVO FH 16 (VERSION) III (20	0	
R170031414-10	PATE A JOINT 70ML	0	
14882200	KIT DE PLAQUETTE DE FREIN VALEO	0	
14882245	KIT DE PLAQUETTE DE FREIN	0	
CJ6002201	CAOUATCHOUC VALVE D'AIR	0	
CJ2880107	ELECTROVALVE SCANIA 124	0	
CJ2880121	ELECTROVALVE VOVLO FH12-FH16-NH12-FM7-FM7-FM9	0	
BS-17	COSSE BATTERIE DIESEL +	0	
BS-18	COSSE BATTERIE DIESEL -	0	
SP27	11002113-01 KLAXON A AIR	0	
M102000012	AVERTISSEUR 12V 090mm DISQUE-AIGU	0	
21680.10	JOINT COLLECTEUR D'ECHAPP DAF CF85 CF75	0	
VR1513-71	MERCEDES 240/ VOLVO /SCANIA /MAN	0	
VR1513-75	MERCEDES 240/ VOLVO /SCANIA /MAN	0	
THCT18201-76	VOLVO FH -FM / RENAULT PREMIUM /KERAS DXI	0	
D16958	VOLVO /DAF /RENAULT TRUCKS	0	
18057	LED H1 RPL2	0	
48991	LAMPE HX24V 100/90W 43T BLANCHES	0	
C11570	VERRE DE PHARE FH16 03 D	0	
M_610731	CABOUCHON AR EUROCARGO 91 D	0	
M_610732	CABOUCHON AR EUROCARGO 91 G	0	
29181A	PLAQUETTE DE FREINS RVI 280 /AV /AR	0	
GJ_85X7_8X11BSF	MTF835BIS- GOUJON SCANIA AVANT ROND LG 85MM SW33	0	
VAD_107051	MPT7.CS.0013 TUYOU DE REFEROIDISSEMENT VOLVO RENAULT RVI	0	
33021_VBF	VBF-ROULEMENT A GALETS 105x160x43	0	
4.4679.1	BAGUE DEM JEU BOSCH	0	
GAL33	GRAISSE BARDAHL EST AGNON DE 3KG N°3 G.A.P	0	
GAL09	GRAISSE BARDAHL EST AGNON DE 4KG N°4 G.A.P	0	
GAL051	GRAISSE BARDAHL BOITE DE 900 GR N° 3 GAP	0	
GAL081	GRAISSE BARDAHL BOITE DE 900 GR N° 4 GAP	0	
8PK1435HD	COURROIES IVECO(FORD)CARGO 1718/2418 Mtr Cummins 180	0	
GJ-RAIS	MTF823-GOUJON RAIS REMORQUE LONG 108/100 GOUJON 108/100	0	
3397011310	X1 BALAIS STD RENAULT/VOLVO AVEC RAMPE	0	
FBC050	LIQUIDE DE FREIN DOT3 0.50L	0	
1987947641	10X1075 COURROIE BOSCH	0	
1987947721	10X1275 COURROIE BOSCH	0	
1987947723	10X1350 COURROIE BOSCH	0	
ATL-90-5L	HUILE SAE 90 API GL5 (5L)	0	
M1405L	MIDAN EP 140 5L*4	0	
M10W405L	MIDAN 10W40 API CH4-/SN 4*5L	0	
C11800	VERRE DE PHARE P-G-R-T 08 D	0	
C11801	VERRE DE PHARE P-G-R-T 08 G	0	
0753LUB	FEU SIGNAL VOLVO FH	0	
MEMBRANE-T30-PROF	MTF456 MENBRANE DE RECHANGE T30 PROFFOND REF FT90230	0	
SP-095.107-01	MEMBRANE DAIPHRAGME T24 NORMAL	0	
GJ-1528712	MTF835 GOUJON SCANIA SERIE4-5 LONG 96 GOUJON+ECROU	0	
ELC-UNV-0120	INDICATEUR ROUGE	0	
ELC-UNV-121	INDICATEUR VERT	0	
ELC-UNV-0122	INDICATEUR JAUNE	0	
64138	LAMPES 24V 21W 1 PLOT H21W	0	
10PK1400HD	Courroie trapézoïdale à nervures VOLVO FH	0	
8PK1375HD	Courroie trapézoïdale à nervures MAN - TGA 18...360 FAC	0	
APV1111	Poulie renvoi/transmission,courroie trapézoidale à VOVLO -FH 16 2050393	0	
180049	BOUTON POUSSOIR 16(STS111)	0	
R357	FILTRE A AIR R357	0	
R454	FILTRE A AIR R454	0	
SP-030.272-01	VENTEUZE AVEC AMORTISSEUR SUSPENSION VOLVO FH16 107507	0	
ATL-40-1L	HUILE SAE 40 API SN/C J4	0	
DELO	DELO LA-3 15W40 20L	0	
21010	MANO STOP 21010 L/R 109 (63-86) 1/8	0	
67210	BOUTON DE PORTE RNT-PGT-CIT-STD NOIR	0	
290390_130390	REGUL ALT 12V P/R RNT -PGT-CIT 1 FIL-1 FICHE	0	
290396_130396	REGUL ALT 12V P/R RNT -PGT-CIT 2 FILS-2FICHES	0	
290524_130524	REGUL ALT 24V BOSCH	0	
290525_130525	REGUL ALT 24V BOSCH	0	
EL_184	PRISE 5 POLE ABS 3-3501 NEW	0	
EL_186	PRISE 7 POLE EBS 3-3601 NEW	0	
17635	LAMPE P21W 12V 21W BA15S	0	
17171	LAMPE GRAISSEUR 12V 5W	0	
48894	LAMPE HB24V 75/70W 45T BLANCHE	0	
17197	LAMPE 24V5W SANS CULOT	0	
M11012013	JERICHO A AIR ELECTRO24V	0	
MANHU13125_3X	FILTRE A HUILE TGA-TGS-TGX-ND-LIONVAN HOOL 09/2016	0	
MANU5001KIT	FILTRE D UREE NISSAN NT400 CABSTAR F24M 09/2016	0	
MANCF1940	FILTRE A AIR VOLVO FH/RENAULT TRUCK	0	
8830030	VASE A DIAPHRAGME T16	0	
VAD-104042	MPT2.EN.0046 Soupape Pompe a Carburant,Pompe a injection SCANIA	0	
SP-051.421	BOUCHON DE CARTER D'OIL DAF EURO 6	0	
375_87_01	SILAN BLOC 28 NYLLO	0	
103070	CLAPET POMPE D INJECTION RLT/VOL	0	
KR9124	DIAPHRAGM PROFO T24 EKER	0	
KR9030	DIAPHRAGM SIMPLE T30 EKER	0	
R284	FILTRE A AIR	0	
1987947654	13X0925 COURROIE BOSCH	0	
1987947653	13X0900 COURROIE BOSCH	0	
1987947617	13X1000 COURROIE BOSCH	0	
1987947618	13X1025 COURROIE BOSCH	0	
1987947621	13X1325 COURROIE BOSCH	0	
1987947715	10X1225 COURROIE BOSCH	0	
1987947796	10X1375 COURROIE BOSCH	0	
sp-204.339	KIT SOUPAPE SIEGE PNEUMATIQUE STAND	0	
142050000000	PHARRE RECT ANTI BER BLANC	0	
FT-070Z-LED	FEU GABARIT LED A/FEU POSITION ORANGE S/SU	0	
50226003	ROULEAU CABLE DE TIR 46 M DIAM 5.8	0	
M335	FILTRE A GAZOIL	0	
E4415F3U35	FLEXIBLE ELECTRIQUE	0	
ATL-ATF-D3	HUILE ASSISTE (1L)	0	
RUBIAFLEET15W405L	TOTAL RUBIA FLEET HD 300 15W40 5L	0	
MANZR905Z	FILTRE A HUILE DAF CF85/MERCEDES	0	
DK1685	AILE PLASTIQUE DOUBLE ROUE BORD BLANC 670X2125X1340 DOMAR	0	
DK3120	AILE PLASTIQUE MEPLAT AVEC BORD BLANC DOMAR 510X1770X1000X510	0	
DK3115	AILE EN PLASTIQUE MEPLAT 450 1480 920	0	
M323177	FILTRE A GAZOIL	0	
14410670	CABLE SE1V 5X1 mm² HO5VVF IMACAB	0	
14410610	CABLE SE1V 2X1 mm² HO5VVF IMACAB	0	
9201249	RETREVISEUR DAILY 06 G Manu	0	
FT-045B-LED	FEU GABARIT LED 12V/24V BLANC	0	
FT-045C-LED	FEU GABARIT LED 12V/24V ROUGE	0	
FT-045Z-LED	FEU GABARIT LED 12V/24V JAUNE	0	
MGR14K	MIDAN GRAISSE 14 KG	0	
131220000000	FEUX CYLINDRIQUE BLANC	0	
M-621630	FEUX AV NL 10-NL 12 D	0	
RUB-LFD-0027	SUPPORT B/V FORD TRANSIT AM ROUND	0	
RUB-LRN-0028	SUPPORT ECHAPPEMENT R12 8MM-13MM	0	
11060	MANO HUILE 11060	0	
26030	MANO STOP 26030 BMC 1/4	0	
62160	BOUTON CARRE 3F STD 3 POSITIONS	0	
MANWK11051	FILTRE A CARBURANT VOLVO-RVI 08/2016	0	
M905L	MIDAN EP 90 5L	0	
ANTIGEL_IFRIQUIA	ANTIGEL 5L	0	
DK1670	AILE PLASTIQUE DOUBLE ROUE	0	
22ST011-JA	SILEN BLOC FRUEHAUF GM RED COCLOR	0	
22ST013-JA	SILEN BLOC FRUEHAUF PM RED COLOR	0	
MANC261005	FILTRE A AIR MAN TGL/TGM	0	
R1221	R1221	0	
390027	ARRET D'UILE FRH	0	
390449	ROULEMENT 16T 220149	0	
131211000000	FEUX AR UNIVER R/J/BLANC	0	
951017A	COSSE DE BATERIE D+ B/ACIER	0	
729-259	REFROIDISSEUR D'HUIL VOLVO/RENAULT	0	
501-0224	CABLE DE PORTE CABINE MAN TGS/TGX	0	
875-073	COUVER FILTER GAZOIL VOLVO/RENAULT	0	
450-194	COUVER FILTER A GAZOIL DAF CF/CF	0	
R372.0026	KIT BARRE GUIDAGE MAN/MERCEDES 85x130x25	0	
R180.0010	POMPE D'ALIMENTATION STD	0	
AC131	BIDON NOIR 30LT TRK	0	
F5W305L	FF LSX 5W-30 5L (6707-5)	0	
MANWD724_6	FILTRE A HUILE Eq:WD724/3 MERCEDES /CASE IH/CATERPILLAR	0	
MANWK845_10	FILTRE A CARBURANT DAF 95XF/MERCEDES	0	
MANH1275X	FILTRE A HUILE MERCEDES/RVI	0	
MANWK723	FILTRE A CARBURANT RVI/VOLVO/IVECO/FENDT/DEUTZ	0	
MANCU3132	FILTRE D'HABITACLES DAF X95	0	
17649	LAMPES 24V 21W BAU15S A/C ORANGE	0	
COR-6202.ZZ	ROULEMENT 6202.ZZ 15X35X11	0	
CA444	CHARNIERE 0014 GALVA 3	0	
CA343	SUPPORT AIL METAL TRK 42MM	0	
928047ZU	AVERTISSEUR STD POIDS LOURD 24V	0	
928048ZU	AVERTISSEUR VOLVO-RVI 24V	0	
VAD-140001003	MPT2.EN.0021 Joint,Collecteur d'echappement SCANIA	0	
HM218248_10-SMB	MTF4529 ROULEMENT DE MOYEU SMB	0	
TH1513-71J	THERMOSTAT MAN-SCANI-DAF 825	0	
HD-020.6318.CP	SP SP 556318-KP COUSSIN D'AIR SUSPONSION SCHIMTZ	0	
BAL-UJA002910	MTF300-BALANCIER FREUHAUF STD 443 mm	0	
DIAPH-T2224-ADSK	MTF011-DIAPHRAGM T24 ADISK	0	
DIAPH-T30-ADSK	MTF011BIS-DIAPHRAGM T30 ADISK	0	
DIAPHRAGME-T24	MTF003-DIAPHRAGME TYPE T24 SYMPLE REF:110008	0	
DIAPHRAGME-T30	MTF004-DIAPHRAGME TYPE T30 SYMPLE REF:110010	0	
FE292	PHARE SECOURD LED 2001 24V	0	
TH7117-80J	THERMOSTAT SCANIA	0	
131211000300_6	FEUX AR G UNIVER R/J/ROUGE	0	
13096200000	PLAQUE LUMINEUSE 700X140	0	
13113000010	FEUX DE POSITION JAUNE	0	
13114000019	FEUX AR ROUGE JAUNE	0	
13139100000	FEUX D R/J/BL A/ECL PLAQ	0	
M_521236	FEUX AV RVI PREMIUM 96 D Blanc	0	
M_621329	FEUX AV SERIE P-G-R-T 04 G=D	0	
M_711423	FEUX AR G UNIVERSAL AVEC TRIANGLE	0	
M_711424	FEUX AR D UNIVERSAL AVEC TRIANGLE	0	
E4207F35	FLEXIBLE A/ABS	0	
E5-485	HUILE DE FREIN E5 1/2 (30B BIDONS)	0	
M_521317	FEUX AV SERIE 4 114-124 96 D	0	
M685L	MIDAN ISO 68 5L	0	
D105Q16	KIT ELECTRIQUE 6 PIECES STPLS	0	
GJ-AJA-0491001	MTF815BIS GOUJON FREUAUF-LONG99/90 GOUJON+ECROU 2 JANTE	0	
MANPU10003-2X	FILTRE A CARBURANT SCANIA P G R T/L P G R S	0	
IMP-20113	COLLIER SERRAGE 4.8X360 NOIR	0	
CJ2880236	BOULE DE VITESSE DAF CF65 CF75 LF55	0	
CJ2880155	MANETTE TRANSMISSION RENAULT 440	0	
CJ2224524	MANETTE FREIN A MAIN DAF IVECO MAN	0	
CJ2203102	SILENCIEUX VALVE D'AIR DESSICCATEUR MAN	0	
CJ6001403	TETE D'ACOUPLEMENT D'AIR DIM 16 ROUGE NORMAL	0	
CJ6001404	TETE D'ACOUPLEMENT D'AIR DIM 16 JAUNENORMAL	0	
CJ6001421	TETE D'ACOUPLEMENT ROUGE AVEC FILTRE M16X1.5	0	
CJ6001422	TETE D'ACOUPLEMENT JAUNE AVEC FILTRE M16X1.5	0	
CJ2208400	VALVE DE PURGE STD TRUCK /M 22X1.5 20 bar	0	
37480	MANO RADIATEUR 37480 2F 68° -75°	0	
CJ2260100	CAPTEUR ABS/ EBS /ECAS 100cm 90°	0	
CJ2260103	CAPTEUR ABS 400MM SCANIA	0	
EMPDPR2022_4_6_8	PARCHOC RENAULT 440	0	
ED17803-K	COUSSIN D'AIR VOLVO METAL PISTON	0	
1987947620	13X1250 COURROIE BOSCH	0	
1987947645	10X1175 COURROIE BOSCH	0	
1987947664	13X1225 COURROIE BOSCH	0	
1987947718	10X1250 COURROIE BOSCH	0	
404	RELAIS DE CHASSIE UNIVERSEL 24V	0	
4-897	RELAIS MIT VOLVO FM-FH	0	
018536	VERIN A GAZ 600/700N	0	
V73	VERIN A GAZ 600/200N	0	
42439C02	COUSSIN D'AIR MERCEDES METAL PISTON	0	
428027	GOUJON FRH 90	0	
KR9024	DIAPHRAGM SIMPLE T24 EKER	0	
KR9020	DIAPHRAGM SIMPLE T20 EKER	0	
MANW940_5	FILTRE A HUILE PORSCHE 911	0	
FAE-63160	INTERRUPTEUR PM STD	0	
FAE-98803	DOUILLE STD	0	
D105Q116	KIT DE FEU	0	
DF01A010301L	PHARE SECOURD DAF XF 95 G	0	
DF01A010301R	PHARE SECOURD DAF XF 95 D	0	
MN01A010102L	OPTIQUE AV MAN F2000 G	0	
MN01A010102R	OPTIQUE AV MAN F2000 D	0	
MN01A010101L	OPTIQUE AV MAN TGX 07-19 G	0	
MN01A010101R	OPTIQUE AV MAN TGX 07-19 D	0	
RN01D010211L	FEU AR RENAULT STD G	0	
RN01D010211R	FEU AR RENAULT STD D	0	
663-1402L-UF2C	FEU DE POSITION IVECO STALIS 13 G	0	
MANC311410	FILTRE A AIR RVI/VOVLO/IVECO	0	
131101000200	FEUX LATERAL ROUGE A/SUP	0	
663-1402R-UF2C	FEU DE POSITION IVECO STALIS 13 D	0	
GAL34	GRAISSE BARDAHL EST AGNON DE 3KG N°4G.A.P	0	
B2001	BOITE DE 400 CC BARDAHL B2	0	
0020_030	SNAPON PORTE MM REF .030	0	
ATL-50-1L	HUILE SAE 50 API SN/C J4 1L	0	
FPB-9145	HUILE DE FREIN DOT 4 TRW	0	
MANC26024	FILTRE A AIR DAF XF 05/2017	0	
467_33_011	VENTEUZE DE CABINE MAN TGA/TGS/TGX AR	0	
467_33_010	VENTEUZE DE CABINE MAN TGA AV	0	
63150	BOUTON LAXON LONG 11 MM	0	
505615	OPTIQUE FH16 03 D	0	
505616	OPTIQUE FH16 03 G	0	
